11-0-1-0-3,0.13792839093183973,-0.24700566769654306,-0.3987421712185833,0.137957743047513,0.0,
11-0-1-0-6,0.15699291746337307,-0.15644898815165437,-0.397837079252816,0.1571590292018334,0.0,
17-0-1-0-2,-0.00029996000399970003,-0.18250412069476007,-0.42718998561551563,-0.8417878439579656,0.0,
6-0-1-0-8,0.0,-0.16742606454577225,-0.15993659457873435,-0.3240012145284142,0.0,
13-1-1-0-8,0.0008955071771031911,-0.15862058198432835,-0.16298578157166196,-0.080242394088554,0.0,
16-0-1-1-8,-0.06747017579489602,-0.06358216740118548,-0.06649602620611218,-0.11935044026468458,1.9979999600419977e-08,
15-0-1-0-10,-0.0005995202618975286,-0.5939170238631792,-0.5144374448934061,-1.0444465071653628,0.0,
11-0-1-0-11,0.0002999799140841492,-0.5950774377417547,-0.40206813660893953,-0.37760546572300147,0.0,
13-0-1-0-10,-0.26720809327156214,-0.5928526042034364,-0.5114278136910075,-0.0007997200240033985,0.0,
19-0-1-0-9,-0.5728351784667299,0.00019998000100000002,-0.380784198069094,-1.0759567299963995,0.0,
20-0-1-1-2,-0.6917583973885018,0.00039990000999950005,-0.40117080615062073,-1.338449270360472,0.00013741723133053522,
20-1-1-0-11,0.014756130610634004,0.014824732024629575,-0.16241784425195377,-0.22497527642210474,0.0,
15-1-1-0-10,0.0002996204584961536,-0.3963343265364539,-0.34925673997676504,-0.4012520460163874,0.0,
19-0-1-0-4,-0.5908810572074991,0.0002999500039999,-0.38736961856459345,-1.0881089678966924,0.0,
14-0-1-0-10,-0.3619237252115829,-0.5787761738432899,-0.5127227457010382,-0.0015990803339242107,0.0,
19-0-1-0-10,-0.7757193267444993,-0.00039974009197730424,-0.5088314861790886,-1.4835800330179372,0.0,
8-0-1-0-10,2.596784557347767e-07,-0.527045066633521,-0.4541507330606577,-0.7832194364150944,0.0,
17-0-1-0-10,-0.6160857348373351,-0.00039994000200099973,-0.5140246043294705,-1.1780186099962888,0.0,
10-0-1-1-3,0.009581812391531917,-0.050669830074666355,-0.07231798462491255,0.009707068392844817,0.0009801281305958618,
9-0-1-0-2,0.00042313039128745336,-0.2521518314235492,-0.3493637665303281,0.0005999200079994001,0.0,
18-0-1-1-9,-0.0650671038410569,-0.021416685457060165,-0.06875233843107822,-0.16769093468127994,0.00010022742289806607,
9-0-1-0-11,0.0,-0.5131488052531114,-0.35159816149845785,-0.6843505884505242,0.0,
20-1-1-0-10,0.04467522501333109,0.044852338036011706,-0.3447919906755861,-0.14703227510599173,0.0,
14-1-1-0-7,0.0,-0.15540927959095005,-0.16910651095426474,-0.053874881252347115,0.0,
17-0-1-0-9,-9.9970001e-05,-0.33723954401444456,-0.4257139494686915,-0.8739009313586219,0.0,
18-0-1-0-11,-0.0005998300269976002,-0.35019161500586077,-0.3803084076091608,-1.0471861401108329,0.0,
18-0-1-0-7,-0.5059991044286907,9.999999700059995e-05,-0.3820800589096818,-0.8720413186131878,0.0,
20-0-1-1-8,-0.6721050986220672,0.0001999700069989001,-0.40083298475445756,-1.348816390058072,9.140656743321901e-05,
17-1-1-0-3,0.00767974222625297,-0.057838861914859103,-0.16146402200041116,-0.010582260801850105,0.0,
11-0-1-0-8,0.11526688601185055,-0.39093413841809177,-0.39624940751452764,0.11537508842134286,0.0,
20-0-1-1-10,-0.8981231011876547,0.0008994302299389114,-0.5265890800575264,-1.7848737425665469,0.00019104205214831178,
8-0-1-0-8,2.9420948538748377e-05,-0.2754871100312266,-0.26927434743943124,-0.22427926599521492,0.0,
19-0-1-0-8,-0.5909166627366723,0.0002999600029999,-0.38522977986685397,-1.0649520900645042,0.0,
13-1-1-0-5,0.010190116804572552,-0.08313864186382249,-0.16420457436841718,0.005710267533003534,0.0,
17-1-1-0-10,0.00010028950180382506,-0.31244701667837965,-0.34398622152069225,-0.3524737247489357,0.0,
18-1-1-0-4,0.022632046431419764,0.021715764313651697,-0.16071092549970115,0.02280126942516516,0.0,
18-0-1-0-3,-0.5227570884717632,0.0003001398780434904,-0.38505686550825186,-0.9201380061646831,0.0,
14-0-1-0-4,-9.99600149978001e-05,-0.26132356505646703,-0.4517223432666374,-0.5539164294287727,0.0,
19-0-1-0-6,-0.5757691873260316,0.00019994000399989998,-0.38692820276225465,-1.0917403003065995,0.0,
8-0-1-0-9,0.00013986258137806565,-0.29110751210162283,-0.2692302211590399,0.00020025980607578045,0.0,
15-1-1-0-5,0.008260307156091044,-0.07550629156143752,-0.16162687782630608,0.008351733128451624,0.0,
20-0-1-1-11,-0.6947433427339028,0.0002999300179962004,-0.40328713893928625,-1.3582460300247219,5.0977891568603725e-05,
13-0-1-0-4,-0.24359874277623128,-0.00019994002199580043,-0.46937046410428035,-0.48381234612390844,0.0,
15-0-1-0-7,-9.996002699320085e-05,-0.42740014566246076,-0.45378087864671945,-0.6081020484543491,0.0,
16-0-1-0-8,-0.4242129918470521,-0.0002999500030004999,-0.4200865681862671,-0.6887321401683669,0.0,
18-0-1-1-5,-0.09930104023875688,0.0012053386077538538,-0.06769051541686068,-0.17304109485414737,0.001135935692068063,
13-0-1-0-2,-9.99800109989001e-05,-0.3264609997017219,-0.4697146623978289,-0.5323175771028889,0.0,
12-0-1-0-10,-0.18614183605206142,-0.5918466275021296,-0.512142814146249,-0.0009991205117469044,0.0,
6-0-1-1-7,1.8598377359616073e-05,-0.06427507287613934,-0.06730238364302737,-0.05669487398846,0.0004018810563474533,
12-0-1-0-7,-0.16684044067869638,-0.4379434133084698,-0.4688977780062396,-0.0004000599760025999,0.0,
12-0-0-0-10,0.0,-0.15958757990457748,0.0,0.0,0.0,
19-0-1-0-2,-0.5885949046280343,9.99800019999e-05,-0.38680352413717345,-1.096236866858629,0.0,
9-0-1-0-10,0.00019995596555734437,-0.5513616127728096,-0.49005789887500545,-0.5847099070452335,0.0,
11-0-1-0-10,0.0007994500741061823,-0.5667615767728034,-0.49922035476396825,-0.1050639988691732,0.0,
17-0-1-0-5,-0.5089489661881008,9.9990001e-05,-0.42211192202327413,-0.8327384251478996,0.0,
12-0-1-0-3,-0.16522312718249985,9.996998700619873e-05,-0.4703203287612783,-0.40887942851387693,0.0,
12-0-1-0-6,-0.16989306911040322,-0.1865778315966232,-0.4717522412456784,0.0003983426556058671,0.0,
20-0-1-0-10,-0.292915281570548,9.999000000000001e-05,-0.16862295627322046,-0.5766141872813243,0.0,
15-0-1-0-5,-0.37960786609831915,-0.22316440297122014,-0.4531978529646316,-0.0003999999960002,0.0,
15-0-1-0-8,1.9976004299690015e-08,-0.45762920981710115,-0.4518005153730367,-0.6797320917228165,0.0,
9-0-1-0-6,0.000782173939994312,-0.14037349767674462,-0.3506597331481513,0.0007999999440143981,0.0,
14-1-1-0-5,0.007310810927290942,-0.07799768772237903,-0.1622503857785976,0.007085119268054251,0.0,
15-0-1-0-11,-0.4057114515345096,-0.6644214048141597,-0.4537746498566862,-0.001999460079990002,0.0,
18-0-1-0-6,-0.5100155539866686,0.00019995000399990003,-0.3807693841623107,-0.9107291711623101,0.0,
17-0-1-0-3,0.0,-0.15469122916958253,-0.42085221688085955,-0.8547176382907902,0.0,
7-0-1-0-4,0.000181481057940494,-0.13795640642640772,-0.2729449812619217,0.00020037966814495686,0.0,
9-0-1-0-5,0.0006752365399534165,-0.1715018869797035,-0.34938614423714753,0.0008001195346725131,0.0,
12-0-1-0-8,-0.16527833374447876,-0.47558188270291774,-0.46900939501238187,-0.00020009996600499965,0.0,
18-0-1-1-11,-0.09009062509309781,-0.060017346650657326,-0.07273501356229532,0.0002,0.00010462731109230509,
7-0-1-0-6,0.0002560803855612547,0.0003998600139999999,-0.27786800511217236,-0.14551255188112283,0.0,
16-0-1-0-10,-0.0005996501630060289,-0.585866518084883,-0.5106528371634569,-1.0920975272994422,0.0,
13-0-1-0-11,-0.25429827111477604,-0.7024052638865301,-0.46977953134014894,-0.0005999200079994001,0.0,
20-0-0-0-7,-0.7567442641603788,0.00019996000399990002,0.0,0.0,0.0,
14-1-1-0-2,0.0020746202366318306,-0.11515801202368954,-0.16578084094634338,-0.03800057655807064,0.0,
17-1-1-0-2,0.0018809764826414979,-0.07074416750962188,-0.15948121332646753,-0.009002592729107079,0.0,
11-0-1-0-9,0.07002507817217599,-0.4283882883957577,-0.39724915962104984,0.06701362537757127,0.0,
15-0-1-0-4,-0.3844224409852616,-0.2508222351304005,-0.45332250983542444,2.9987403279421124e-07,0.0,
18-0-1-0-2,-0.5248141186738126,0.0004011759501554013,-0.3839082357010946,-0.9189803817723594,0.0,
17-0-1-0-7,-0.5051175571974571,9.999000000000001e-05,-0.42775268252203597,-0.7746429515849537,0.0,
12-0-1-0-5,1.9981994704119078e-08,-0.21644484842616754,-0.4698977695941407,-0.305051317046324,0.0,
19-1-1-0-2,0.025584022421055588,0.035227026392136256,-0.16695712157770962,0.03307285106427354,0.0,
16-0-1-0-9,-0.41936083496811266,-3.999600009999937e-08,-0.4202534026017213,-0.7780916186421662,0.0,
8-0-1-0-7,0.00026191814063907594,-0.2504525434882207,-0.27369035445626316,0.00039996000399980004,0.0,
17-0-1-0-8,-0.4957369413234098,-0.0004999100040009998,-0.4208950888422008,-0.8009393857341797,0.0,
12-0-1-0-11,-9.9990010999e-05,-0.7023400876465957,-0.4721280827569725,-1.029992457201932,0.0,
13-0-1-0-3,-0.24524386188863911,-0.30287730741135627,-0.46809162787816044,0.00040017987003919305,0.0,
20-1-1-0-2,0.024609092842466904,0.04937142349710892,-0.16847373166818547,0.049225472586539906,0.0,
16-0-1-0-7,-0.42899800404155125,-0.39188595056684133,-0.42341877882696316,-0.0006000199700049996,0.0,
16-0-1-0-3,9.989999999994827e-13,-0.2715983692680647,-0.41818107239975255,-0.7094174126599084,0.0,
9-0-1-0-8,0.00039309612388838876,-0.35534068658127416,-0.3431196371265267,0.0004000599140369895,0.0,
14-0-1-0-9,-0.29684952324551767,-0.0001000399920005,-0.4511867865907995,-0.6924757236156018,0.0,
20-0-1-1-7,-0.6808323694867402,0.0004999100050004999,-0.4047778565528346,-1.3431995150470692,0.00010026089634559782,
20-0-1-1-3,-0.6645448101185172,0.0002998400419947004,-0.40324906481078393,-1.32156296140521,0.00017349034704608037,
8-0-1-0-3,1.6356774099991245e-05,-0.15628901542449408,-0.2708883534329549,-0.1731276796754996,0.0,
13-1-1-0-11,9.999000000000001e-05,-0.24868306193864168,-0.16279518209482566,-0.30206157151823865,0.0,
9-0-1-0-7,0.0004630398415222883,-0.31661304435308985,-0.3492323992235621,0.0007996400380309807,0.0,
16-0-1-0-4,-0.43002231800615454,-0.0002999200279936009,-0.4215662503264489,-0.7192205967518795,0.0,
18-0-1-0-5,-0.529615452654564,9.998999300129989e-05,-0.3827589490470447,-0.9013316510385014,0.0,
19-0-1-0-3,-0.5876396617163951,0.0001999899980003,-0.3840311564043496,-1.0950711782717932,0.0,
9-0-1-0-4,0.0005760738471427848,-0.19794194417775599,-0.34486565650695494,0.0006014167992597125,0.0,
10-0-1-1-8,0.007828334380830573,-0.07398526717737189,-0.06954906797827282,0.007405905332880826,0.0009310119500483171,
14-0-1-0-5,-0.3091432600471906,-0.00010000000799720047,-0.449409684900264,-0.5228357292080452,0.0,
20-0-1-1-9,-0.6760509385373478,0.00039993000799930006,-0.40415383911453323,-1.340956118922556,0.0001229927669548494,
10-0-1-0-9,0.03061558025361829,-0.37336418682386985,-0.34857823181609676,0.030593963563992004,0.0,
13-0-0-0-8,0.0,-0.26231371762095035,0.0,0.0,0.0,
11-0-1-0-5,0.15355382187913227,-0.19774484072683834,-0.3947591744933757,0.15370106082315038,0.0,
4-0-1-1-10,8.335641155698671e-06,-0.2045224640431175,-0.17470078229601999,-0.40502160571098833,8.39283123447673e-06,
17-1-1-0-7,0.006566446330411648,-0.052581099149545986,-0.16325007459505123,-0.009920367091839704,0.0,
20-0-1-0-7,-0.11055671314022444,0.0001,-0.06341152482922217,-0.20923969791628277,0.0,
6-0-1-1-10,1.2100810216374799e-05,-0.19016895590444757,-0.17454885547802693,-0.39092952075823484,1.2172289666789634e-05,
10-0-1-0-4,0.04508193994292939,-0.2006440094077164,-0.3445022219782051,0.04525248246919255,0.0,
19-1-1-0-10,0.024544563896439,0.023218775615465877,-0.3452346417851747,-0.24689673581764787,0.0,
5-0-1-0-6,4.009070197102288e-08,-0.07264792484066035,-0.16198182863282398,-0.11735114501441814,0.0,
10-0-1-0-2,0.042881922332749844,-0.25714227393689765,-0.3476799433754839,0.03963036139120714,0.0,
11-0-1-0-2,0.13113930345939492,-0.2795772190821989,-0.39472321416310857,0.12807858713512535,0.0,
15-0-1-0-6,-0.3974520533892386,-0.17148193723770516,-0.4515962695931072,-0.0005998799640159971,0.0,
7-0-1-0-9,2.446832227577811e-05,-0.29748548720386075,-0.2732658499806816,0.0002,0.0,
16-0-1-0-5,-0.4267461491186097,-0.20275578719528345,-0.41939721558989307,-0.00020001999799999998,0.0,
10-0-1-0-10,0.0006985711561161484,-0.561224837616366,-0.4882352770685026,-0.22232237842738362,0.0,
20-0-1-1-4,-0.6777979174364378,0.000299970001,-0.40025113986219696,-1.3695056181922491,7.476790730375022e-05,
15-0-1-0-9,-0.38358616407636537,-0.00019991004398880167,-0.45057799578120716,-0.7826122148504645,0.0,
6-0-1-0-11,0.0,-0.24819593984841265,-0.16601337865263832,-0.46813728687600487,0.0,
20-1-1-0-9,0.02447029496720038,0.024571466677841502,-0.16363015544917334,-0.01602313692518078,0.0,
18-0-1-0-8,-0.5115885741699803,9.99300189974002e-05,-0.37890849912037916,-0.8210220524275447,0.0,
20-1-1-0-4,0.022443649826059512,0.07298114000584044,-0.16458282927915555,0.07320307647123361,0.0,
11-0-1-0-4,0.154270833362943,-0.23678038564911658,-0.39665522101616363,0.15405395876996808,0.0,
8-0-1-0-5,0.00020039975539584177,-0.12806019364399038,-0.27377621438691474,-0.035748985925030966,0.0,
13-0-1-0-6,-0.2560701334057789,-0.19201218915773607,-0.4695389603330687,0.0005995201279788024,0.0,
12-0-0-0-8,-0.06233737769238208,0.00010006997900269981,0.0,0.0,0.0,
20-0-1-1-5,-0.6793669465454258,0.0004999000099995,-0.40359141090465667,-1.3683982778728625,8.543646829894339e-05,
12-1-1-1-7,0.00209051509949402,-0.06844667105732861,-0.07011580165487015,-0.023827667527207032,3.114553900506775e-05,
10-0-1-1-9,0.005569789771939372,-0.07477001868615048,-0.07008499321599643,0.005114026468420666,0.0006025668729874922,
14-0-0-0-10,0.0,-0.47600892814009793,0.0,0.0,0.0,
6-0-1-0-2,2.3927382446408435e-05,-0.11801776467631438,-0.1674435127593124,0.000199980002,0.0,
12-0-1-1-2,-0.02275328483280611,-0.04945462508935726,-0.06904629647157699,-0.02238108321525349,0.00040048034342616596,
6-0-1-0-6,4.5768268397322426e-05,-0.06988794936197583,-0.16382496273138344,0.000199940002,0.0,
13-0-1-0-5,-0.24675163588552318,-0.22951050421678593,-0.4700285146094424,-0.0003999999960002,0.0,
20-1-1-0-3,0.02458673545643109,0.06162301968993345,-0.16648350891636104,0.06187177779862526,0.0,
17-0-0-0-9,-0.44534006597459264,9.995000699930004e-05,0.0,0.0,0.0,
15-1-1-0-8,0.0006990708055145922,-0.15616056578963794,-0.15757358715663242,-0.07635899221647158,0.0,
11-0-1-0-7,0.14600509031871778,-0.37466443586110165,-0.4015013482560084,0.1462934062377763,0.0,
13-0-1-0-9,-0.23501435049722677,-0.5024889135275616,-0.46977340198957873,0.00019986002599740014,0.0,
15-0-1-0-3,-0.0002999600209934011,-0.3031775730199474,-0.4519665107688619,-0.6693814054259127,0.0,
13-1-1-0-7,0.0012916350706293986,-0.158089044262772,-0.1663840841552489,-0.03228527818210399,0.0,
14-0-1-1-10,-0.12545269944321352,-0.20933215453226398,-0.1845575436407627,0.0002,6.926477815966089e-05,
17-1-1-0-6,0.01648918070225571,-0.02199666101511859,-0.16239443821174512,0.016631570880278508,0.0,
16-0-0-0-10,-0.45729745003928396,-9.999999999994822e-09,0.0,0.0,0.0,
14-0-1-0-3,-0.30759942717645966,9.997999600139975e-05,-0.4522424846930531,-0.5949494192594683,0.0,
9-0-1-0-3,0.0004876589158354157,-0.22378576275083154,-0.3444356025509424,0.0008366825439908186,0.0,
17-1-1-0-11,2.9968002e-08,-0.22750271414802206,-0.15937162142775296,-0.3051316089550545,0.0,
16-0-1-1-9,-0.06611426823851613,-0.07908761356473859,-0.06449721424162473,-0.1328067609804246,9.99e-09,
17-0-1-0-4,-0.5010260483089343,-0.14308745137645731,-0.4233061630028698,-0.00020001999799999998,0.0,
14-0-1-0-8,-0.31267203265425936,-0.4477790489760847,-0.44871474024301555,-2.000399940003039e-08,0.0,
10-0-1-0-6,0.04753269401441831,-0.14059431359179578,-0.34927193529048417,0.047853828589265325,0.0,
15-0-1-0-2,-0.3862326465423101,9.99500049998e-05,-0.45177879545306154,-0.7028660779048161,0.0,
19-1-1-0-8,0.02085125405710677,0.02720289691589488,-0.16325022205358078,0.025674617226618276,0.0,
17-0-0-0-10,-0.5516471884400418,-9.999000199950006e-05,0.0,0.0,0.0,
5-0-1-0-11,0.0,-0.2485184824218841,-0.16066483043774532,-0.47997500661464143,0.0,
16-1-1-0-9,0.00020006944312556848,-0.17809952932116568,-0.16577099208091448,-0.14150431421426315,0.0,
21-0-1-0-2,-0.08562231875047369,0.0002,-0.05201297865422299,-0.11888563019395162,0.0,
16-0-1-0-6,-0.4278178044588898,9.997000300049992e-05,-0.42383831196028615,-0.6860675820006407,0.0,
10-0-1-0-11,9.998998200090001e-05,-0.5060821047281912,-0.3496408041595601,-0.4335549583361969,0.0,
16-0-1-0-11,-0.4514396112995478,-0.6201342995724315,-0.42505709964823934,-0.00020000000399900012,0.0,
9-0-1-0-9,0.0002006544322292206,-0.3893785217213023,-0.3449874885920826,-0.1371238953913123,0.0,
18-0-1-0-10,-0.6988825523907641,-0.00029997999900010006,-0.5078928476761819,-1.305746328467043,0.0,
13-1-1-0-4,0.00010003994701399868,-0.08509223685038102,-0.16574384368643563,-0.013501486519566371,0.0,
16-1-1-0-5,0.007813647547068588,-0.07394521224046736,-0.16073312873879658,0.006552606119962859,0.0,
18-0-0-0-8,-0.5087472783475504,-6.998700109992525e-08,0.0,0.0,0.0,
7-0-1-0-10,1.0013842880450245e-08,-0.525346975585563,-0.455182434850115,-0.9330768021045946,0.0,
20-0-0-0-10,-0.8668916387449913,0.00019999000000000001,0.0,0.0,0.0,
18-0-1-0-4,-0.5211439396547933,0.00019996000399990002,-0.3796033200433603,-0.8996283997484336,0.0,
19-1-1-0-11,0.00010006985611234904,-0.04475324880720398,-0.163000163249591,-0.2391563048109456,0.0,
17-0-1-0-11,-0.00019999000000000001,-0.5839341419749187,-0.4266588077468115,-1.098736424692989,0.0,
21-0-1-0-10,-0.20590617776817785,0.0002,-0.13403231253188713,-0.3060998794617279,0.0,
18-1-1-0-5,0.02385764279533418,0.02869123826713661,-0.16212742196543328,0.026583312657387614,0.0,
6-0-1-0-4,3.9956004099900004e-08,-0.09157830899706006,-0.163752368724074,-0.17199071250018713,0.0,
10-0-1-1-11,0.00010005987607886674,-0.10422506544249197,-0.0718223625644328,-0.08705239343185357,5.588062030626875e-06,
13-0-1-0-8,-0.0004998300279979003,-0.479342989511563,-0.4696644199334428,-0.5544405990562066,0.0,
10-0-1-1-4,0.005430129962564615,-0.03813132770923959,-0.07268258591499899,0.005553443259869643,0.0012544312968285794,
14-0-1-0-6,-0.31053695837527895,-0.0004998500569719086,-0.45403119501859807,-0.5057067001034208,0.0,
18-0-0-0-7,-0.5673627979039486,1.999899999999364e-08,0.0,0.0,0.0,
14-0-1-1-5,-0.05300580276257352,-0.03341503503086171,-0.06841122240660788,-0.04954655985504607,0.0002001728929866792,
12-0-1-0-4,9.999000299970003e-05,-0.2775694207629572,-0.46898753884239963,-0.3611605194835117,0.0,
15-1-1-0-3,0.0040151661417950546,-0.10214692517851509,-0.16346721089964605,-0.028774697773144384,0.0,
4-0-1-1-4,9.78116055434926e-06,-0.040541952564996,-0.07086751124508951,-0.06249525100292454,0.00020088314706764502,
20-0-1-1-6,-0.6609933006882976,0.0004998700189985001,-0.40097183155948163,-1.3452768577919527,0.00020287426990248203,
4-0-1-1-9,4.9956857144715245e-06,-0.07964922310608594,-0.06771313586759804,-0.15385465345183913,9.754505175462126e-06,
16-1-1-0-6,0.016179761171959354,-0.06558081710783306,-0.1633810924387623,0.016319653243744774,0.0,
7-0-1-0-11,5.982924895572452e-08,-0.3957347699721114,-0.2722862314369883,-0.7550659292309887,0.0,
15-0-0-0-8,0.0,-0.29990307799206306,0.0,0.0,0.0,
20-0-0-0-6,-0.8242969072942666,0.00019999000000000001,0.0,0.0,0.0,
19-0-1-0-7,-0.5874988793857487,0.0002998800169986001,-0.3874803355234965,-1.0706106234387593,0.0,
12-0-0-0-11,0.0,-0.04781453210016228,0.0,0.0,0.0,
12-0-1-1-10,-0.03895001634866108,-0.21018006437703404,-0.17357938591259203,-0.26629644111416434,0.00040105612893218405,
19-0-1-0-11,-0.0001,-0.10876013176154385,-0.38665107986248887,-1.1547297585839345,0.0,
14-0-1-0-11,-0.3169673540450321,-0.6689694618421126,-0.45010394924309327,-0.0005998800199968006,0.0,
14-0-1-1-8,-0.04593070092459163,-0.07049489302210643,-0.06977833196348447,-0.08792694488946014,9.99e-09,
16-0-1-0-2,-0.43111978761550057,-0.2970258751782912,-0.4224546837406112,0.00039992000799980005,0.0,
14-0-0-0-6,-0.2623653789123139,0.0001,0.0,0.0,0.0,
13-1-1-0-2,0.0032442830420759765,-0.11946386581051736,-0.16268074043248537,-0.05667675074379676,0.0,
14-1-1-0-10,0.0006959895997584263,-0.3970346425798924,-0.3429950230064857,-0.41893527021972565,0.0,
18-0-1-1-4,-0.08992340899896724,0.0007942740381061862,-0.06870729105325489,-0.1737342403448086,0.001401529526646901,
19-0-1-0-5,-0.5731914119489673,2.998800129993661e-08,-0.38589285590288774,-1.0809009752886065,0.0,
8-0-1-0-6,0.00046191576495122495,-0.10019875544278935,-0.2748584960031931,0.0005998200419946003,0.0,
6-0-1-0-10,0.0,-0.38797702820787605,-0.34815401853261724,-0.8035156642861305,0.0,
16-1-1-0-7,0.00010109073008603512,-0.14960516968975013,-0.16404921717975882,-0.042718086768681926,0.0,
19-0-0-0-7,-0.677480842766803,0.00019996000399990002,0.0,0.0,0.0,
14-0-1-0-7,-0.3071810001665072,-0.4272317919121559,-0.4499836173008351,0.0002,0.0,
14-1-1-0-8,0.00039930145918805153,-0.17068672206106403,-0.16113270658712484,-0.07105639566416858,0.0,
14-0-1-1-3,-0.03804204513771013,-0.041479994689553865,-0.07055462465214811,-0.09078632645730352,0.00010214141224976214,
8-0-1-0-4,0.00029829611030022846,-0.1534904712143494,-0.2719415451898058,0.00039998000000000003,0.0,
15-1-1-0-2,0.00029992991499302367,-0.12406398605412114,-0.16654983313214328,-0.05340545003197279,0.0,
16-1-1-0-10,0.00029993997201499675,-0.396708960832148,-0.35075998189269014,-0.38942600005619477,0.0,
13-1-1-0-3,0.001092721778927432,-0.10966146048863197,-0.16097293384732447,-0.023391060269332725,0.0,
14-1-1-0-4,0.0006983140242889669,-0.09760762859552388,-0.15873954647248587,-0.021800943394231435,0.0,
13-1-1-0-9,0.00020080514538215572,-0.17686404808657719,-0.16359198535507116,-0.13793653381459492,0.0,
13-1-1-0-6,0.018127921924299326,-0.062066992077022314,-0.16381644799399064,0.018211356984137794,0.0,
7-0-1-0-5,0.00020020681135417677,-0.1366375903547716,-0.27154449531195873,-0.04864581369967839,0.0,
14-1-1-0-9,0.0003003071843524927,-0.16193474197869312,-0.1650827961171292,-0.13040000596085577,0.0,
10-0-1-0-5,0.04981667324736434,-0.16566443843469242,-0.3498571039312616,0.04984479488009851,0.0,
19-0-0-0-5,-0.6704143018394744,0.0003999400039999,0.0,0.0,0.0,
7-0-1-0-8,4.4305296975213156e-05,-0.28544407066013155,-0.267939456118794,0.0002,0.0,
5-0-1-0-10,1.0018851304317457e-08,-0.38859517637309626,-0.34446951533591946,-0.7873042920692565,0.0,
13-1-1-0-10,0.0010960522052726194,-0.4014776009493886,-0.34711526433121404,-0.3914225270722386,0.0,
15-1-1-0-7,0.0004982744888829069,-0.16210443808680725,-0.16257963983184215,-0.052909791422062966,0.0,
16-1-1-0-2,0.0004988025466622586,-0.12207395159030743,-0.1681239651516886,-0.049919158012857366,0.0,
18-0-1-0-9,-0.5102996227390508,-0.1039813306751104,-0.38177576662413437,-1.9999999999989644e-08,0.0,
15-1-1-0-4,0.0010909492545744372,-0.10017919823539617,-0.16035541082547394,-0.003000752765852783,0.0,
19-0-0-0-6,-0.7374495218133474,0.00019994000399989998,0.0,0.0,0.0,
8-0-1-1-7,6.0708105410969106e-05,-0.05993529770008137,-0.06830897717248484,-0.009973242283334342,0.0006075142261493284,
13-0-1-0-7,-0.23316300509669188,-0.43764989671739685,-0.46831247400237114,-0.0003998200599910007,0.0,
20-0-1-0-11,-0.10934348632711262,0.0001,-0.06272819453763816,-0.21656021637234998,0.0,
12-1-1-1-5,0.0028924603432990683,-0.03576046785624563,-0.07049687087631505,0.0029902262401751236,3.33333370616151e-05,
5-0-1-0-4,1.0585884408342059e-05,0.00020043959621561682,-0.1612606897927559,-0.1951731125958188,0.0,
19-0-0-0-11,-0.42535028397227315,-9.999999999994822e-09,0.0,0.0,0.0,
14-0-1-0-2,-0.31654853582225445,-0.3383850982123988,-0.4532126216261846,-3.999800030031128e-12,0.0,
12-0-1-0-9,9.9880020999e-09,-0.5026359396039873,-0.4684148408136855,-0.5814254881721388,0.0,
5-0-1-0-9,1.1113915297759465e-05,-0.1794397570515227,-0.158327309266847,0.00020005997000499963,0.0,
7-0-1-0-2,2.3394910855851688e-05,-0.15600569795714078,-0.27861068973672254,-0.32500681012679195,0.0,
7-0-1-0-7,0.0001580195262011438,-0.257675928757727,-0.2711875315613584,0.0003999400039998,0.0,
12-0-1-1-8,-0.022782000249323992,-0.038075749693660906,-0.06714582718481568,-0.07410851947770124,0.0002010596341427012,
18-1-1-0-10,0.0002997899073591874,-0.1431541283884754,-0.35092850617531,-0.31660257031913674,0.0,
12-1-1-1-10,0.00039900159054561123,-0.19808739527467,-0.17838211321359942,-0.19628794894471158,0.00010487916708290781,
10-0-1-0-3,0.04478705179315011,-0.23305810435926586,-0.3482456569146367,0.044536756077102196,0.0,
14-0-0-0-4,-0.0001,-0.1775113124928635,0.0,0.0,0.0,
5-0-1-0-2,2.1328965796171705e-05,-0.12145343330051735,-0.16341412972530267,0.00020025985803999306,0.0,
17-0-0-0-3,9.99e-09,-0.14445988605116653,0.0,0.0,0.0,
18-0-0-0-5,-0.5640123645070101,0.0001,0.0,0.0,0.0,
12-0-1-1-9,-0.025126780892415174,-0.0782204680388755,-0.06375619276435997,-0.021030080585997528,0.00020070901642246138,
14-1-1-0-11,0.0004977677033191525,-0.23031184951180234,-0.16038711441196982,-0.29050377687971907,0.0,
18-1-0-0-5,0.006920117834850133,0.0066893161742659175,0.0,0.0,0.0,
5-0-1-0-8,2.684117613658182e-07,-0.15998370723901154,-0.16254802347846137,-0.33070280690375164,0.0,
19-0-0-0-10,-0.7701983439168075,0.00010011985306877965,0.0,0.0,0.0,
5-0-1-0-7,0.0,-0.14880333261646544,-0.16705591501618505,-0.31306008873656266,0.0,
17-1-1-0-8,9.99999880020999e-05,-0.11025516182800038,-0.16201184044144287,-0.06258571533116973,0.0,
4-0-1-1-8,7.298710946634958e-06,-0.06667401094366292,-0.06749198934813623,-0.13154241566569,1.5021859330491897e-05,
4-0-1-1-11,2.200185563643868e-06,-0.11025785072997654,-0.07340998497926017,0.00020027991601239905,5.078299634693751e-06,
12-0-1-0-2,-0.00019989003798810242,-0.3407317999438309,-0.4693890370343994,-0.4431042847522394,0.0,
16-0-1-1-7,-0.0658313257137458,-0.06242214861071018,-0.06597548314660531,-0.10625156127201453,6.743056835293987e-06,
6-0-1-0-7,9.99399520084995e-09,-0.15667743811330792,-0.16260780873651107,-0.2867099553710399,0.0,
19-1-1-0-3,0.022955722256059317,0.037178464949486706,-0.16222719999695603,0.036507846844838404,0.0,
17-0-1-0-6,-0.5016176512491327,0.00010000999700029998,-0.42517929972221347,-0.8308841264936412,0.0,
14-0-0-0-3,-0.23651506236018957,9.999999999994822e-09,0.0,0.0,0.0,
20-0-0-0-11,-0.5261600392654175,0.00010000999899999999,0.0,0.0,0.0,
6-0-1-1-3,1.131632382674598e-05,-0.0468057256443819,-0.06458431044374854,-0.086199147729233,2.121862901349624e-05,
18-0-1-1-7,-0.10016672275158923,0.0013969450901202695,-0.06799762120742238,-0.16406409652055012,0.001360762960023437,
11-0-0-0-5,0.00039979986731888614,-0.06777257286599528,0.0,0.0,0.0,
18-0-1-1-2,-0.09401040690571451,-0.00020700909860394475,-0.07165215888144037,-0.17201949964565783,0.001107096752881134,
15-0-0-0-10,-0.0001,-0.5099082170867902,0.0,0.0,0.0,
17-1-1-0-9,0.0008963999425364561,-0.1329690097746671,-0.16350352756905231,-0.10153008054784297,0.0,
18-0-1-1-3,-0.0947027227966681,0.00019319420598447757,-0.07284477725259818,-0.17344386495021735,0.0007015504131899665,
20-0-0-0-3,-0.7195888090349515,0.0001999999980001,0.0,0.0,0.0,
16-1-1-0-11,0.00010002992405068173,-0.24433005181758014,-0.1707160464139503,-0.31286515411058097,0.0,
18-1-1-0-9,0.0004995200611097975,-0.04509315012232181,-0.1663610778825316,-0.08801109807330663,0.0,
17-0-0-0-6,-0.5391428155771097,-0.00010000999899999999,0.0,0.0,0.0,
19-1-1-0-9,0.021398311412147354,0.021462502465276114,-0.16049325631563413,-0.0407196613709306,0.0,
19-0-0-0-2,-0.5982421652683114,0.00010000999899999999,0.0,0.0,0.0,
18-1-1-0-2,0.016139244091222176,0.016262369655416848,-0.16111799663759802,0.011159295707538042,0.0,
17-0-0-0-8,-0.4178988252653764,9.999999999994822e-09,0.0,0.0,0.0,
12-0-0-0-6,-0.09352339417492536,-9.98100889792032e-05,0.0,0.0,0.0,
17-1-1-0-4,0.015132091303946583,-0.047652237301565835,-0.1592142668532652,0.002934912314232041,0.0,
12-0-1-1-7,-0.025646561249203104,-0.0648070946582067,-0.06844250854381181,-0.004569252796177231,0.0010041567228888419,
20-1-1-0-5,0.02400001584771143,0.08011353972672158,-0.16498042414331493,0.07981679528937437,0.0,
10-0-1-1-7,0.008539459323367462,-0.06752242895055406,-0.06856690638597841,0.00770003910506012,0.0012280515186651477,
10-0-1-1-2,0.007797608857310058,-0.048846497270649894,-0.07019107325842143,0.007927945078079214,0.0010769931350952402,
18-0-0-0-3,-0.5117704985148,0.0001,0.0,0.0,0.0,
4-0-1-1-6,1.2129806513471286e-05,-0.017456813459423123,-0.0692734356031755,-0.06741366089759417,0.00020014488609820062,
17-0-0-0-7,1.999899999999364e-08,-0.11289766814702326,0.0,0.0,0.0,
19-0-0-0-4,-0.6674925690521258,-9.999999999994822e-09,0.0,0.0,0.0,
15-0-0-0-7,-0.3095131529983746,0.0001000399920005,0.0,0.0,0.0,
11-0-0-0-7,1.9979001e-08,-0.11530929975935332,0.0,0.0,0.0,
15-1-0-0-8,0.00039978940877381276,-0.0047771986213988905,0.0,0.0,0.0,
15-1-1-0-9,0.00020001994501909657,-0.17464849487849438,-0.163984877996769,-0.12935839508609887,0.0,
5-0-1-0-3,3.651009160072204e-05,-0.11831660872814255,-0.16483189936447457,0.0002,0.0,
12-0-0-0-4,-0.08532711063686302,0.00010070917954744137,0.0,0.0,0.0,
15.0-0-0-0-3,-9.9990010999e-05,-0.24650536294933884,0.0,0.0,0.0,
20-0-0-0-2,-0.6761982314588787,0.0001,0.0,0.0,0.0,
18-1-1-0-7,0.027220077463845683,0.038465807644570624,-0.16582120307728454,0.03594745077523215,0.0,
8-0-1-1-10,3.255300411528541e-05,-0.2110890157584361,-0.18072045506753967,-0.29712075120943726,3.2574349165557975e-05,
4-0-1-1-3,9.150835938937978e-06,-0.04723447817194877,-0.06864203091003077,-0.0540033993937008,0.00040548108600344234,
14-0-0-0-5,0.0,-0.15545343103438627,0.0,0.0,0.0,
16-0-0-0-9,0.0,-0.3724778003109083,0.0,0.0,0.0,
16-1-1-0-4,0.016180665556850975,-0.10227774357645034,-0.16276961238392595,0.016187853310627213,0.0,
18-0-0-0-10,-0.6644521972167485,0.000299970001,0.0,0.0,0.0,
14-0-1-1-11,9.999000000000001e-05,-0.10585196929683383,-0.07130174460499773,-0.15200359295513216,5.198420307666325e-06,
8-0-1-0-2,2.8593442765201594e-05,-0.18842997568482425,-0.27142224498225803,-0.17125786014082905,0.0,
10-0-0-0-4,1.9979001e-08,-0.050045128200236585,0.0,0.0,0.0,
6-0-1-1-8,3.184669905501835e-06,-0.05361895117425121,-0.06758424648778386,-0.1271783742136417,0.00010143542927869586,
14-0-1-1-4,-0.04834594784327887,-0.03419788360676074,-0.06863719046077818,-0.0591549963213178,0.0004029335208046375,
6-0-1-0-9,0.0,-0.18050838748952072,-0.16067968590421627,-0.34564831156152515,0.0,
12-0-1-1-3,-0.027526435761885532,-0.03605983634921983,-0.06839934847865968,-0.028637753363942513,0.00040154569884242686,
5-0-1-0-5,5.034315735452838e-05,0.0001,-0.1613919856364528,-0.16695890194116442,0.0,
16-0-0-0-2,-0.33262675487714427,-9.999999999994822e-09,0.0,0.0,0.0,
18-0-0-0-4,-0.5732155124000413,-9.998999999994823e-09,0.0,0.0,0.0,
13-0-0-0-5,0.0001,-0.13007220107836592,0.0,0.0,0.0,
10-0-1-0-8,0.04339720188190513,-0.3519289828590874,-0.34370347849593835,0.04343987517809447,0.0,
19-0-0-0-9,-0.6026336681287902,0.00010000999899999999,0.0,0.0,0.0,
13-0-0-0-7,9.989000800209991e-09,-0.26078084829587594,0.0,0.0,0.0,
16-1-1-0-8,0.0,-0.17660705530610862,-0.16592538182852706,-0.10467758119326294,0.0,
14-1-1-0-6,0.016768084180186358,-0.0700138536812509,-0.16229418650079092,0.016913044205010157,0.0,
20-0-0-0-4,-0.7563656089363848,0.00019999000000000001,0.0,0.0,0.0,
20-1-0-0-10,0.006130704219856023,0.006257352848999747,0.0,0.0,0.0,
12-1-1-1-8,0.0010963898377990573,-0.06980703826172273,-0.06974909614434872,-0.023935740818833276,8.898034994049832e-05,
8-0-1-1-4,6.849443737044047e-05,-0.0248748016527883,-0.0669596240037823,-0.03654808797395927,0.00030499316232532786,
13-0-0-0-3,1.997999980020999e-08,-0.20107130403065157,0.0,0.0,0.0,
20-0-0-0-9,-0.6961713938281174,-9.999999999994822e-09,0.0,0.0,0.0,
18-0-1-1-6,-0.09608580295911677,0.0018942346254174375,-0.0674734400002065,-0.15305763728199212,0.0018016990022684215,
15-1-1-0-11,9.999000000000001e-05,-0.240517722701204,-0.16602622041494675,-0.2979001275808853,0.0,
17-0-0-0-2,-0.0001,-0.15853162685267885,0.0,0.0,0.0,
20-0-1-0-8,-0.10781456960065608,0.0001,-0.06331460759331951,-0.19876324636086878,0.0,
16-0-1-1-3,-0.07520230526712005,-0.03938144420069608,-0.06890400995704649,-0.034797915557740845,0.0008052027995193362,
4-0-1-1-7,1.1513315873385865e-05,-0.055982407604074684,-0.06567395464043775,-0.12859544088326508,1.5948840717506083e-05,
20-1-1-0-7,0.02342485097657958,0.07715611862426106,-0.16730267079689895,0.0772838378919462,0.0,
8-0-1-1-2,4.6207850008352895e-05,-0.05015077371169948,-0.07292604329112488,-0.005537723389489664,0.0008074560898086286,
19-1-1-0-7,0.025281849668916653,0.060499008037035146,-0.1633983188038511,0.05886778441766659,0.0,
19-0-0-0-3,-0.6403568573587991,0.00010000999899999999,0.0,0.0,0.0,
8-0-1-0-11,0.0,-0.41057170124493225,-0.27227733616708366,-0.6779089807677452,0.0,
16-0-0-0-5,-0.00019999000000000001,-0.18371984497601024,0.0,0.0,0.0,
20-0-1-0-2,-0.106912062035418,0.0001,-0.06376305909499709,-0.2115556442810628,0.0,
18-0-0-0-11,0.0,-0.25683909495819307,0.0,0.0,0.0,
7-0-1-0-3,0.00013941671453646416,-0.17948020594659228,-0.2735193848129618,0.00020019992001559813,0.0,
10-0-1-0-7,0.05127242621554644,-0.33178383163376,-0.343673125522189,0.05159928287724975,0.0,
18-1-0-0-7,0.004900133587541105,0.00496795971243111,0.0,0.0,0.0,
14-1-1-0-3,0.003630790954508939,-0.09879724185129271,-0.1655097440959285,-0.04001505845924657,0.0,
4-0-1-1-5,1.867905960753219e-05,-0.021830859750817083,-0.067037020221052,-0.08433862086116718,0.00040284194327757603,
15-0-0-0-5,2.9955006399595186e-08,-0.1751495186060683,0.0,0.0,0.0,
12-0-1-1-4,-0.02181720801806575,-0.0428844491234185,-0.06887387188617468,-0.02814867727271037,0.0004004650208154673,
12-0-0-0-7,7.997098312045617e-08,-0.21817903991324383,0.0,0.0,0.0,
16-1-1-0-3,0.001688115326941605,-0.10818129246902584,-0.16693180874296445,-0.027507981009563927,0.0,
18-0-0-0-6,-0.6438548319522053,9.999999800009999e-05,0.0,0.0,0.0,
12-0-1-1-6,-0.020326011519397304,-0.014005540141011484,-0.06822666504935246,-0.045583825548573535,0.00030226139571002086,
12-0-1-1-11,-0.0002998200559795099,-0.10045942878281286,-0.06445365960758549,-0.14761507584232111,0.00010010143681173733,
8-0-1-1-5,9.238559206026445e-05,-0.03313872227682126,-0.06659417140318699,-0.019731519107698808,0.000203028395778442,
13-0-0-0-10,0.0,-0.3583806185694752,0.0,0.0,0.0,
16-0-0-0-7,-0.0001,-0.3639453745227409,0.0,0.0,0.0,
15-0-0-0-9,-0.2447678856602278,-0.00010000999899999999,0.0,0.0,0.0,
10-0-0-0-5,0.0005993594264840482,-0.04452574720853537,0.0,0.0,0.0,
17-0-0-0-4,-0.46605008485677835,-9.999999999994822e-09,0.0,0.0,0.0,
18-0-1-1-10,-0.24009729466758484,-0.06539095059829299,-0.17993747283276718,-0.2937880961511986,0.00020072339733333283,
4-0-1-1-2,5.419044497944633e-06,-0.044376877116381976,-0.06737914610686471,-0.051514465347144045,0.00020035949640953682,
17-0-0-0-5,-0.4674946136389901,2.9985002499806614e-08,0.0,0.0,0.0,
14-0-1-1-9,-0.04623481235130922,-0.07387689239573796,-0.0696241960010031,-0.032738758854786026,0.00040130234481647586,
16-0-0-0-3,-0.39210358490010194,0.0001,0.0,0.0,0.0,
13-0-0-0-6,-0.17302928780457344,-9.9990001e-05,0.0,0.0,0.0,
11-0-0-0-4,0.0,-0.07857983761939778,0.0,0.0,0.0,
20-1-1-0-6,0.023627893921708932,0.10060205266719974,-0.1625629155444728,0.10078638631209133,0.0,
15.0-0-0-0-11,0.0,-0.2701589313942612,0.0,0.0,0.0,
18-1-1-0-11,9.999000000000001e-05,-0.156943980970625,-0.16231080225768757,-0.26963702662047856,0.0,
11-0-0-0-8,0.0,-0.10322936208484729,0.0,0.0,0.0,
12-1-1-1-11,0.00010002991008285223,-0.10214511096478054,-0.0675127202228176,-0.14349171791124146,1.854186093820354e-05,
26.0-0-1-0-11,-0.007751714003402207,0.0002,-0.014200410287330132,-0.031044569887874594,0.0,
8-0-1-1-3,5.0828010935101866e-05,-0.04287312740868055,-0.07261067823787191,-0.016504570282931383,0.0006023236386091955,
6-0-1-1-9,3.6494907402851306e-06,-0.05363337848408858,-0.06802357952906549,-0.15240004934644516,0.00010181695037447355,
15-0-0-0-6,-0.3506581827812831,-0.00019971028785604707,0.0,0.0,0.0,
18-1-1-0-3,0.01957560825029197,0.0195850614941091,-0.1651579516453679,0.004563329485411394,0.0,
19-1-1-0-4,0.024236355023065884,0.04626497992458075,-0.1627613437701107,0.043903117489635664,0.0,
10-0-1-1-5,0.006627830241040207,-0.03197968593179794,-0.07097458013452031,0.00675399627615003,0.0013148958993610222,
14-0-1-1-7,-0.043746309572572674,-0.06567837102014398,-0.0668987217685695,-0.00975208361829504,0.0014013534476344965,
19-0-0-0-8,-0.6222544856038428,-9.999999999994822e-09,0.0,0.0,0.0,
12-1-1-1-4,0.006219448378166562,-0.039368708562233845,-0.06956328162063838,0.0028952388336341093,4.1408760000846585e-05,
18-1-0-0-4,0.005740881344134332,0.005810850719522641,0.0,0.0,0.0,
16-0-1-1-5,-0.07332566139500299,-0.035668199610844276,-0.06922933823920228,-0.08153514027432135,0.00020251648473875074,
20-0-1-0-5,-0.11039011133707916,0.0001000199970001,-0.06069558001502896,-0.21694809529551481,0.0,
14-0-0-0-2,0.0,-0.1478081417231786,0.0,0.0,0.0,
16-0-1-1-10,-0.1861733209925508,-0.15194232289408022,-0.17778687531386464,-0.3786690353736051,0.00010008602551591435,
18-0-0-0-2,-0.4788720631328522,9.995000399990001e-05,0.0,0.0,0.0,
18-1-0-0-6,0.008513036796149693,0.008524457409257084,0.0,0.0,0.0,
6-0-1-0-5,4.952210986950935e-05,-0.08603944534743785,-0.16405349286423065,0.00020005998200259978,0.0,
14-0-0-0-9,0.0,-0.269718717334903,0.0,0.0,0.0,
12-1-1-1-2,0.0010941613102549807,-0.05401778513559501,-0.07179504512786482,-0.014869101099985332,3.996249461153119e-05,
20-0-1-0-4,-0.10793107082219845,0.00019999000000000001,-0.061916367111300226,-0.2255750826915277,0.0,
16-0-0-0-6,-0.4461798696918683,9.998000399970003e-05,0.0,0.0,0.0,
6-0-1-0-3,2.8856013144437883e-05,-0.11283582441226866,-0.1612235518951725,0.00020000000000159953,0.0,
20-1-1-0-8,0.025492478857742914,0.05471714573137769,-0.16327226703282305,0.05392196284069899,0.0,
21-0-1-0-8,-0.07613672385744998,0.000599940002,-0.048835537865686104,-0.10012458353750421,0.0,
12-1-1-1-9,0.00010010979409907552,-0.07866811103284733,-0.06507347419140408,-0.057781654209865974,3.083365015652912e-05,
20-0-1-0-9,-0.10798170440940541,9.999000000000001e-05,-0.06355835039489943,-0.21499332794101347,0.0,
20-0-0-0-8,-0.707103339977179,0.00019999000000000001,0.0,0.0,0.0,
19-1-1-0-5,0.021588652290058966,0.05514183483483522,-0.1571920906233326,0.05302383167111358,0.0,
9-0-0-0-10,0.0,-0.03642280565620795,0.0,0.0,0.0,
14-0-0-0-8,1.9979001000000003e-08,-0.26490684634767997,0.0,0.0,0.0,
18-1-1-0-8,0.014884850779759689,0.014960679430949763,-0.16298415689126067,-0.009374757687478115,0.0,
19-1-1-0-6,0.026946363734418475,0.07245322186477662,-0.16131727310717558,0.07249752998849632,0.0,
15-1-1-0-6,0.016944908755012006,-0.07127532153253933,-0.16234405597194668,0.014248684638012779,0.0,
6-0-1-1-4,7.844029923450372e-06,-0.03572264112139079,-0.06658272266583122,-0.06034425490082069,1.2880248205700183e-05,
8-0-1-1-6,0.00010535202415785836,-0.024674222913175194,-0.06994125787084073,0.0015980427420747639,0.0014154021035446057,
13-0-0-0-4,-0.1365091782907494,0.00019999000000000001,0.0,0.0,0.0,
14-0-1-1-6,-0.04625059799133069,-0.017820692181906312,-0.06845547491084455,-0.08023069419735693,0.00030038980701116577,
17-1-1-0-5,0.010403681683108245,-0.03587215148539755,-0.1620945705091094,0.010601146220762627,0.0,
6-0-1-1-6,1.784590724583318e-05,-0.026606048221423487,-0.07229544164200989,-0.026424428938176744,0.00041641522853221876,
26.0-0-1-0-8,-0.007159715030418995,0.002199020251957205,-0.012916724057012068,-0.02466808795245989,0.0,
24.0-0-1-0-8,-0.004984988859939039,0.0002,-0.004490283542275807,-0.01237108311313265,0.0,
10-0-1-1-10,0.0014852649577508387,-0.2106323325336822,-0.18602432156560694,-0.06185870522788495,8.156469426420624e-05,
18-1-0-0-8,0.0015953718175596876,0.0015046778042784508,0.0,0.0,0.0,
13-0-0-0-9,0.0,-0.1977839861158436,0.0,0.0,0.0,
18-0-0-0-9,-0.5083009332284637,9.999999999994822e-09,0.0,0.0,0.0,
14-0-0-0-7,-0.21962677816671916,0.0001,0.0,0.0,0.0,
13-0-0-0-2,0.0,-0.15952108139252721,0.0,0.0,0.0,
13-0-0-0-11,-0.01728945336051504,0.0001,0.0,0.0,0.0,
17-1-0-0-2,0.0002998997333956082,-0.012577955336809964,0.0,0.0,0.0,
16-1-0-0-7,0.00020022948541219447,-0.0034928203427331767,0.0,0.0,0.0,
16-1-0-0-11,0.0,-0.008082186887854077,0.0,0.0,0.0,
16-0-0-0-11,-0.00019999000000000001,-0.3641556641088432,0.0,0.0,0.0,
18-1-1-0-6,0.022696250814306974,0.034495172499265356,-0.161878985232357,0.03285158252015476,0.0,
17-1-0-0-4,0.00010011002850422324,-0.007222137167981784,0.0,0.0,0.0,
17-0-0-0-11,-0.0001,-0.36720485351489035,0.0,0.0,0.0,
18-1-0-0-10,0.0,-0.0048894278094744155,0.0,0.0,0.0,
12.0-0-0-0-3,-0.0749130619473636,0.0002,0.0,0.0,0.0,
21-0-1-0-3,-0.07727966125459089,0.0009997000559938004,-0.04902099060207797,-0.09701588063530145,0.0,
20-0-0-0-5,-0.7642868370856792,0.0003999400039999,0.0,0.0,0.0,
8-0-1-1-8,3.6631202385796505e-05,-0.06842140402051634,-0.06740895337319665,-0.0704634265262125,3.78387540365599e-05,
19-1-0-0-6,0.016093530436190603,0.016113847039196896,0.0,0.0,0.0,
16-0-1-1-2,-0.06605211342287294,-0.05130024505779217,-0.06697267725099479,-0.053800077319902544,0.0006061841423822596,
7-0-0-0-10,0.0,-0.015665474922203573,0.0,0.0,0.0,
19-1-0-0-7,0.00864420022424357,0.008730656286038963,0.0,0.0,0.0,
19-1-0-0-3,0.005362315997839996,0.00537059010834103,0.0,0.0,0.0,
15-0-0-0-4,-9.99800229969001e-05,-0.19891420314252178,0.0,0.0,0.0,
8-0-1-1-11,2.2657153944273166e-06,-0.10465036814088265,-0.06824346714022629,-0.1758695412852204,2.2721295592815423e-06,
16-1-0-0-6,0.000299920038850274,-0.012613074088808145,0.0,0.0,0.0,
16-0-1-1-11,-0.07416531843661904,-0.09860400427059811,-0.0664526714732595,-0.1652968580231972,1.9982996500529966e-08,
17-1-0-0-11,0.0,-0.012307677206894312,0.0,0.0,0.0,
14-1-0-0-10,0.00020002003975811542,-0.010943174175610925,0.0,0.0,0.0,
19-1-0-0-5,0.01050391479157874,0.010469919363567084,0.0,0.0,0.0,
16-0-0-0-4,-0.3600138150266137,0.0001,0.0,0.0,0.0,
20-1-0-0-7,0.01231876766192585,0.012400943636901567,0.0,0.0,0.0,
8-0-1-1-9,3.1130771214069245e-05,-0.07720258179250375,-0.06902634576154676,-0.06068440501753227,0.00020070277292748778,
20-1-0-0-2,0.009881674484743946,0.009928981360874462,0.0,0.0,0.0,
20-1-0-0-3,0.011244211965744105,0.011320546891648322,0.0,0.0,0.0,
17-1-0-0-8,0.00010000000698950428,-0.008430309724963947,0.0,0.0,0.0,
12-1-1-1-6,0.00755377160886153,-0.03169677808289739,-0.06866935703326715,0.007750441070630975,4.608359164455984e-05,
18-0-1-1-8,-0.0915547425668027,0.0009986289499926099,-0.06991085303858711,-0.14952502267831938,0.000976928784371188,
10-0-0-0-8,0.00010004993102009974,-0.057140419575566335,0.0,0.0,0.0,
19-1-0-0-2,0.004698887272835121,0.004871191407071497,0.0,0.0,0.0,
12-1-1-1-3,0.00020002994901209884,-0.04223380187721538,-0.06774133754188108,-0.008749754667229038,4.585228015249235e-05,
6-0-1-1-5,1.90519505260633e-05,-0.030716247071815948,-0.06776330045548515,-0.034485504370817474,0.00020050958178788585,
9-0-0-0-2,0.0,-0.03545897113411051,0.0,0.0,0.0,
12-0-0-0-9,0.0,-0.18832573524454668,0.0,0.0,0.0,
26.0-0-1-0-10,-0.020981505615735682,0.0009998200100009998,-0.035361616800993055,-0.07591579769859691,0.0,
14-0-0-0-11,0.0,-0.1875689235696322,0.0,0.0,0.0,
11-0-0-0-3,9.99999909989001e-05,-0.07827473462190179,0.0,0.0,0.0,
21-0-1-0-4,-0.07665600213305945,0.0002,-0.05044618661358315,-0.1191077000291346,0.0,
18-1-0-0-11,0.0,-0.0017971631027291315,0.0,0.0,0.0,
18-1-0-0-3,0.003163301928567564,0.0027481710343706125,0.0,0.0,0.0,
16-0-1-1-4,-0.07231995761710627,-0.04003579392667712,-0.06679938796710454,-0.1149894897305329,2.615964013844737e-06,
10-0-0-0-3,0.0004994704287342283,-0.048516164018902234,0.0,0.0,0.0,
9-0-0-0-3,0.0,-0.04325302924002454,0.0,0.0,0.0,
21-0-1-0-9,-0.08436822313051884,0.0007998800079998,-0.05045786107019956,-0.09983495087957746,0.0,
20-1-0-0-9,0.008207920752816745,0.008254616539318983,0.0,0.0,0.0,
8-0-0-0-3,1.997700329969001e-08,-0.028964420140158657,0.0,0.0,0.0,
17-1-0-0-10,0.0,-0.02290790154491914,0.0,0.0,0.0,
19-1-0-0-8,0.0038230225881858777,0.003887943742252357,0.0,0.0,0.0,
20-1-0-0-6,0.017781503306763095,0.01794178389345746,0.0,0.0,0.0,
20-1-0-0-8,0.010746043575497497,0.01082387643044273,0.0,0.0,0.0,
15-0-0-0-2,-0.23349747272139945,9.99799980003e-05,0.0,0.0,0.0,
12-0-0-0-2,0.0,-0.15606290224242084,0.0,0.0,0.0,
10-0-1-1-6,0.007898991387610084,-0.026973543678633232,-0.0695808128468739,0.007910837148634067,0.0011957390140833457,
16-0-0-0-8,1.9973007699260044e-08,-0.30824065412924234,0.0,0.0,0.0,
11-0-0-0-2,0.00019989003499599486,-0.07431535582782856,0.0,0.0,0.0,
19-1-0-0-10,0.002088423278047806,0.0021976390741220864,0.0,0.0,0.0,
10-0-0-0-10,0.00010028880184501958,-0.04499656407947778,0.0,0.0,0.0,
12-0-0-0-5,-0.09243325751064596,0.00010001999600029998,0.0,0.0,0.0,
14-0-1-1-2,-0.05068862752087646,-0.041162309240764174,-0.07026234419686085,-0.0925483451588554,0.00010126199271151311,
16-0-1-1-6,-0.06675110911157582,-0.026372972702744735,-0.06733136113880966,-0.08374898623111893,0.00020210191670317528,
17-1-0-0-6,0.000997442380391645,-0.011737194207065668,0.0,0.0,0.0,
7-0-0-0-3,0.0,-0.01435759930642047,0.0,0.0,0.0,
15-1-0-0-3,0.0,-0.005631092830374256,0.0,0.0,0.0,
6-0-0-0-10,1.2570006188339072e-06,0.0001,0.0,0.0,0.0,
11-0-0-0-10,0.0,-0.0894095908806879,0.0,0.0,0.0,
16-1-0-0-8,0.0,-0.005683341369340925,0.0,0.0,0.0,
21-0-1-0-6,-0.07647412838724489,0.0004,-0.04991931863763129,-0.09602612315999888,0.0,
15-1-0-0-4,0.0005024777219252765,-0.007336557511429752,0.0,0.0,0.0,
8-0-0-0-6,4.557831955552437e-05,0.0001,0.0,0.0,0.0,
16-1-0-0-2,0.0,-0.0175090414541751,0.0,0.0,0.0,
6-0-1-1-2,9.258989031692689e-06,-0.028576634045865846,-0.06919679404544311,-0.09800035506996828,0.00020548216842162658,
21-0-1-0-7,-0.07992522976834072,0.0002,-0.05551726397433661,-0.10499582699967887,0.0,
18-1-0-0-2,0.0017911353577277458,0.0016878004134198328,0.0,0.0,0.0,
6-0-1-1-11,1.0875459710033002e-06,-0.09550147369297272,-0.07014295758300547,-0.19858907572142465,1.116265052033701e-06,
25.0-0-1-0-10,-0.01071510566630594,1.9999999999989644e-08,-0.012126602997505207,-0.02624597249833609,0.0,
24.0-0-1-0-2,-0.0041910618935219685,0.0002,-0.004789375379586339,-0.00838573628634242,0.0,
11-0-0-0-9,0.00010001997400679916,-0.13064131579740956,0.0,0.0,0.0,
18-1-0-0-9,1.9979999500599894e-08,-0.009820029930269885,0.0,0.0,0.0,
17-1-0-0-3,0.0,-0.012089308781985726,0.0,0.0,0.0,
21-0-1-0-5,-0.06613219707009783,0.0002,-0.04909416604586696,-0.0988122285398395,0.0,
14-1-0-0-4,0.00030056838699454364,-0.002287504530705316,0.0,0.0,0.0,
11-0-0-0-11,0.0,-0.022375674062006,0.0,0.0,0.0,
13-1-0-0-3,0.00020061762994798922,-0.0024969321079924608,0.0,0.0,0.0,
15-1-0-0-6,0.0004000986334651623,-0.013459754146168419,0.0,0.0,0.0,
10-0-0-0-2,0.0,-0.04566259267707783,0.0,0.0,0.0,
9-0-0-0-9,5.216742864195328e-05,0.0001,0.0,0.0,0.0,
9-0-0-0-6,0.0,-0.02378071064541922,0.0,0.0,0.0,
10-0-0-0-11,0.0,-0.022274850819058854,0.0,0.0,0.0,
19-1-0-0-4,0.010063362932936741,0.010142967032300285,0.0,0.0,0.0,
19-1-0-0-9,0.0048452756444706535,0.004875692162740588,0.0,0.0,0.0,
20-1-0-0-4,0.014323155853514576,0.014423697039844757,0.0,0.0,0.0,
16-1-0-0-5,0.0003013717671940894,-0.01362890680117796,0.0,0.0,0.0,
16-1-0-0-9,1.998099870030999e-08,-0.02441906401116884,0.0,0.0,0.0,
9-0-0-0-5,9.335558321058595e-05,0.0001,0.0,0.0,0.0,
20.0-1-0-0-11,2.991313903759786e-08,0.0002,0.0,0.0,0.0,
10-0-0-0-9,0.0,-0.1012930034721149,0.0,0.0,0.0,
17-1-0-0-9,0.0,-0.0071388629102502816,0.0,0.0,0.0,
7-0-0-0-5,1.7382876998415065e-05,0.00010000000199970004,0.0,0.0,0.0,
23.0-0-1-0-6,-0.0037939853402526444,0.0002,-0.0035937071341132676,-0.009179149315154466,0.0,
20-1-0-0-5,0.01619342766489348,0.01589194283154232,0.0,0.0,0.0,
11-0-0-0-6,0.0001,-0.0517164389277894,0.0,0.0,0.0,
6-0-0-0-6,1.3979308657683394e-07,-0.0031807253069839965,0.0,0.0,0.0,
12-0-1-1-5,-0.02281485367373747,-0.023474717714215266,-0.06662606439356464,-0.04519779296899657,0.00030003159910757754,
10-0-0-0-6,0.00010006998284956352,-0.03762377568844932,0.0,0.0,0.0,
13-1-0-0-7,0.0,-0.006082574863751791,0.0,0.0,0.0,
20-0-1-0-6,-0.10809180186291888,0.0001,-0.06368579134417954,-0.21746799001009784,0.0,
31-0-0-0-4,0.004391925413339886,0.004395642714792207,0.0,0.0,0.0,
15-1-0-0-10,2.9969001000000005e-08,-0.03054548698335284,0.0,0.0,0.0,
13-1-0-0-6,0.0006011703163673449,-0.003784960798398593,0.0,0.0,0.0,
20-0-1-0-3,-0.1110993512515753,0.0001,-0.06372025544409951,-0.21547969006737303,0.0,
10-0-0-0-7,0.0003995302920636908,-0.06735604975045516,0.0,0.0,0.0,
8-0-0-0-10,9.572154354149009e-06,0.0001,0.0,0.0,0.0,
8-0-0-0-2,3.090349082870877e-05,0.0001,0.0,0.0,0.0,
26.0-0-1-0-4,-0.008546079404788456,0.000599940002,-0.012422816783203132,-0.02146213426470888,0.0,
16-1-0-0-10,2.9969001000000005e-08,-0.01648524090055052,0.0,0.0,0.0,
16-1-0-0-3,0.0006002773792506903,-0.014632515554274125,0.0,0.0,0.0,
13-1-0-0-10,9.978719816799609e-08,-0.017310486630776886,0.0,0.0,0.0,
26.0-0-1-0-3,-0.009543105942681469,0.0002,-0.011039736619563605,-0.022233876797751833,0.0,
9-0-0-0-4,6.515763720856285e-05,0.00010000999899999999,0.0,0.0,0.0,
6-0-0-0-2,8.239624526890641e-07,0.0001000399920005,0.0,0.0,0.0,
14-1-0-0-9,1.9970008608275084e-08,-0.005390810850707378,0.0,0.0,0.0,
8-0-0-0-4,1.5972117392607404e-07,-0.012086899554535329,0.0,0.0,0.0,
15-1-0-0-7,0.0,-0.007838461511396905,0.0,0.0,0.0,
26.0-0-1-0-2,-0.008346437451206246,0.000599940002,-0.012916990996419004,-0.013539917985777703,0.0,
25.0-0-1-0-11,-0.004589707029644987,0.0002,-0.004689285865852335,-0.008786372819461954,0.0,
15-1-0-0-9,0.0,-0.011309256440318157,0.0,0.0,0.0,
8-0-0-0-9,1.1735187985996695e-05,0.00010004999200069997,0.0,0.0,0.0,
26.0-0-1-0-5,-0.0069522626565272075,0.00039998000000000003,-0.01133582979817777,-0.023039491515500582,0.0,
25.0-0-1-0-6,-0.0033911555186520383,0.0002,-0.0037929784286235163,-0.011180583522093135,0.0,
16-1-0-0-4,0.0001000499300265789,-0.012222596731497806,0.0,0.0,0.0,
23.0-0-1-0-3,-0.0037901971304187447,0.000599940002,-0.0052862433967461745,-0.007583582924752601,0.0,
25.0-0-1-0-3,-0.002393563477046142,0.000999800019999,-0.0035938367706133175,-0.007989207987989412,0.0,
25.0-0-1-0-8,-0.003590048363733866,0.0002,-0.004390553230435753,-0.011183895724460293,0.0,
8-0-0-0-8,0.0,-0.012250730414795847,0.0,0.0,0.0,
14-1-0-0-8,0.00010000998900099999,-0.005387408117543118,0.0,0.0,0.0,
9-0-0-0-11,1.9976004599360038e-08,-0.01838524943666424,0.0,0.0,0.0,
7-0-0-0-9,1.9310817335710126e-06,0.0001,0.0,0.0,0.0,
31-0-0-0-5,0.00439223494017471,0.004395383078537526,0.0,0.0,0.0,
6-0-0-0-7,1.550888364249071e-06,0.00010044946743872911,0.0,0.0,0.0,
13-1-0-0-5,0.0,-0.002690071885623553,0.0,0.0,0.0,
9-0-0-0-7,4.64765409248011e-05,0.0001,0.0,0.0,0.0,
17-1-0-0-5,0.00040091299779444105,-0.010114722854626777,0.0,0.0,0.0,
25.0-0-1-0-4,-0.0023930799713750557,0.0002,-0.0031951147676529054,-0.008778629937370133,0.0,
19-1-0-0-11,0.0003993107206287399,-0.0008985712273357985,0.0,0.0,0.0,
14-1-0-0-3,0.00020363661287480046,-0.0006999200020002001,0.0,0.0,0.0,
17-1-0-0-7,0.0011044754080368937,0.001197207058399842,0.0,0.0,0.0,
26.0-0-1-0-6,-0.006957272578270407,0.0007998800079998,-0.014001755736593674,-0.011934441799485619,0.0,
31-0-0-0-7,0.00578351148241719,0.005792725930474014,0.0,0.0,0.0,
24.0-0-1-0-10,-0.012314820053477308,0.0002,-0.012521574501524812,-0.02705030855517308,0.0,
8-0-0-0-7,9.418875141622192e-06,0.0001,0.0,0.0,0.0,
14-1-0-0-5,0.0013054334267969827,0.0013937853055788797,0.0,0.0,0.0,
31-0-0-0-6,0.006186322680444881,0.006190708983710397,0.0,0.0,0.0,
14-1-0-0-2,0.00010022922281343629,-0.0021938676713508317,0.0,0.0,0.0,
23.0-0-1-0-10,-0.014706658556265377,0.0002,-0.010940265243903277,-0.03260173094672314,0.0,
22.0-0-1-0-5,-0.005786799586856287,0.0002,-0.004987769576991172,-0.006787536487799432,0.0,
21-0-1-0-11,-0.08631646778662488,0.0002,-0.054799491626102974,-0.12768153814193514,0.0,
9-0-0-0-8,0.0,-0.045538270567637346,0.0,0.0,0.0,
14-1-0-0-11,0.00020004994699600974,-0.0032971616613216045,0.0,0.0,0.0,
15-1-0-0-5,0.00010024960410104223,-0.012718261867837746,0.0,0.0,0.0,
24.0-0-1-0-3,-0.004390084347096611,0.0002,-0.003992209870867576,-0.010380942906558487,0.0,
7-0-0-0-4,1.9983994601599778e-08,-0.01167401000900637,0.0,0.0,0.0,
24.0-0-1-0-6,-0.0027956136954209706,0.0002,-0.003394505682756445,-0.007983460134126054,0.0,
25.0-0-1-0-5,-0.003394286965404081,0.000999800019999,-0.0038925991307806537,-0.004394125340864814,0.0,
26.0-0-1-0-7,-0.007557371942014786,0.0002,-0.013610580744122898,-0.02388564320147369,0.0,
24.0-0-1-0-9,-0.003791692296256816,0.0002,-0.004689405488435348,-0.010776470216338421,0.0,
8-0-0-0-5,4.7309672139904644e-05,0.0001000399920005,0.0,0.0,0.0,
22.0-0-1-0-10,-0.01787003252752786,1.9999999999989644e-08,-0.012126484363729848,-0.033407500080171126,0.0,
26.0-0-1-0-9,-0.0063606530646444295,0.0002,-0.012226192717601083,-0.030220239801147727,0.0,
6-0-0-0-8,0.0,-0.004776049264120831,0.0,0.0,0.0,
6-0-0-0-3,0.0,-0.004173481714324575,0.0,0.0,0.0,
31-0-0-0-10,0.01493081123553156,0.015121832444457677,0.0,0.0,0.0,
7-0-0-0-2,5.056369946680616e-06,0.0001,0.0,0.0,0.0,
31-0-0-0-9,0.007164287461477772,0.0069883324643763385,0.0,0.0,0.0,
15-1-0-0-11,0.0,-0.01665507409474585,0.0,0.0,0.0,
24.0-0-1-0-5,-0.003591167466460517,0.0002,-0.0038925991307806537,-0.007984341969667874,0.0,
15-1-0-0-2,0.0,-0.00998292743752796,0.0,0.0,0.0,
12.0-1-0-0-10,0.0,-0.014112442572936128,0.0,0.0,0.0,
24.0-0-1-0-4,-0.004189595180764012,0.0002,-0.004390553230435753,-0.01316362162620872,0.0,
23.0-0-1-0-7,-0.004189536479555323,0.0002,-0.003494345937457688,-0.01157495356765516,0.0,
22.0-0-1-0-2,-0.0043928074585159035,0.0002,-0.0038925991307806537,-0.009983819054760023,0.0,
12-1-0-0-4,0.0002026134381332809,-0.0017983208157106812,0.0,0.0,0.0,
22.0-0-1-0-4,-0.004192867050344002,0.000599940002,-0.004988038633677529,-0.0063926450773463825,0.0,
8-0-0-0-11,0.0,-0.017770307356727733,0.0,0.0,0.0,
14-1-0-0-6,0.0006011019625170219,-0.006030244436273808,0.0,0.0,0.0,
14-1-0-0-7,0.0001,-0.006581422855241609,0.0,0.0,0.0,
23.0-0-1-0-2,-0.006184148347376631,0.000599940002,-0.002796223273953482,-0.013971162341085315,0.0,
22.0-0-1-0-9,-0.006782252577369715,0.0002,-0.003892668885200688,-0.00997870826555941,0.0,
31-0-0-0-3,0.006368358575395366,0.0063900899128120255,0.0,0.0,0.0,
7-0-0-0-8,1.3049374583382306e-06,0.0001,0.0,0.0,0.0,
31-0-0-0-8,0.005380587272157448,0.005392985846491613,0.0,0.0,0.0,
12-1-0-0-8,0.0,-0.0039932083643907015,0.0,0.0,0.0,
13-1-0-0-4,1.0000991847571902e-08,-0.005653848848523684,0.0,0.0,0.0,
6-0-0-0-11,7.933195856775931e-08,0.0001,0.0,0.0,0.0,
6-0-0-0-9,2.583837566828833e-07,0.0001,0.0,0.0,0.0,
7-0-0-0-6,3.1187939193422477e-06,0.00010008997300329982,0.0,0.0,0.0,
25.0-0-1-0-7,-0.0025951861753747245,0.0002,-0.004888776819519253,-0.007982861189151716,0.0,
13-1-0-0-8,0.0,-0.004890712813100046,0.0,0.0,0.0,
31-0-0-0-2,0.005582732744712064,0.005592885826547568,0.0,0.0,0.0,
23.0-0-1-0-4,-0.005188656311738823,0.0002,-0.004191401468815501,-0.008786015236103848,0.0,
22.0-0-1-0-3,-0.005780741402771267,0.0002,-0.00439075258149161,-0.008383022407865507,0.0,
23.0-0-1-0-8,-0.004592089859788407,0.0002,-0.004191401468815501,-0.006789691262982364,0.0,
23.0-0-1-0-5,-0.003792170863126982,0.0002,-0.00449011417511271,-0.01436800468966484,0.0,
6-0-0-0-5,2.1134392487542833e-06,0.0001,0.0,0.0,0.0,
31-0-0-0-11,0.004773102930289782,0.0047944840458756495,0.0,0.0,0.0,
7-0-0-0-11,0.0,-0.008544769617138646,0.0,0.0,0.0,
23.0-0-1-0-9,-0.00518901571132494,0.000599940002,-0.0034940565397672445,-0.009982459173103211,0.0,
25.0-0-1-0-9,-0.002991754889659916,0.0002,-0.0038926090938471766,-0.011176953156091119,0.0,
23.0-0-1-0-11,-0.005588415674676946,0.0002,-0.004590243345701205,-0.01277566978924467,0.0,
7-0-0-0-7,2.5094150161663466e-06,0.0001,0.0,0.0,0.0,
24.0-0-1-0-11,-0.004191224147738271,0.0002,-0.0026964929232458066,-0.011582537997972684,0.0,
6-0-0-0-4,7.163609795060276e-07,0.0001,0.0,0.0,0.0,
22.0-0-1-0-7,-0.004791293242585701,0.0002,-0.0034940565397672445,-0.00759004923722599,0.0,
25.0-0-1-0-2,-0.0031917336041085,0.0002,-0.004191401468815501,-0.011977983869463924,0.0,
13-1-0-0-2,0.0002000592562597468,-0.00429228869067215,0.0,0.0,0.0,
13.0-1-0-0-9,0.0,-0.004189636148510698,0.0,0.0,0.0,
22.0-0-1-0-6,-0.005784029658645188,0.0002,-0.0034940764748695413,-0.008379594353795415,0.0,
12-1-0-0-9,0.00020000000199580235,-0.0041911930314278015,0.0,0.0,0.0,
22.0-0-1-0-8,-0.0031962836230636986,0.0002,-0.0035937071341132676,-0.014372197154451318,0.0,
24.0-0-1-0-7,-0.0025924527951784702,0.0013995800699930002,-0.004390632923014642,-0.005996280956200507,0.0,
12.0-1-0-0-3,5.176345116990899e-07,-0.0029934690931658022,0.0,0.0,0.0,
12.0-1-0-0-7,0.0,-0.0029945467041203465,0.0,0.0,0.0,
22.0-0-1-0-11,-0.0037934698231577176,0.0002,-0.0030953544918551983,-0.011978066560554923,0.0,
12-1-0-0-5,0.0,-0.001395427023130475,0.0,0.0,0.0,
13.0-1-0-0-11,0.0,-0.006186239611670961,0.0,0.0,0.0,
12.0-1-0-0-6,0.0,-0.0011963862722004824,0.0,0.0,0.0,
12.0-1-0-0-2,0.0,-0.0037942867574407655,0.0,0.0,0.0,
12.0-1-0-0-11,0.000200189377998437,-0.00020001999799999998,0.0,0.0,0.0,
