15-0-1-0-10,-0.43980307251751044,-0.5993306846990012,-0.5131403092408631,1.9999999999989644e-08,0.0,
14-0-1-0-3,-0.35523057492146254,3.999600009999937e-08,-0.5122063921167072,-0.6388941032841721,0.0,
8-0-1-1-11,3.084857894584572e-05,-0.39263356418310724,-0.26762191510283434,0.0002,8.831873307658002e-05,
17-0-1-0-11,-0.6355835625551922,0.0001,-0.5181266673007789,-1.3310871535843227,0.0,
20-1-1-0-10,0.06789174884802768,0.06984104934092615,-0.4985432765272539,-0.2226243649578655,0.0,
14-0-1-0-9,0.0002,-0.5483532026256105,-0.5119947475008747,-0.795025624353304,0.0,
19-1-1-0-4,0.0651863268618502,0.1500207892350703,-0.42736956492247496,0.15040806401614512,0.0,
11-0-1-0-10,0.00228793883336377,-0.5857132112557182,-0.5024963781189463,-0.12158895159501518,0.0,
14-0-1-0-8,-0.34606960434941025,-0.5300790965788635,-0.5124922899833604,0.0002,0.0,
19-0-1-0-2,-0.80138488544809,9.999999999994822e-09,-0.5213104951887966,-1.478527029137039,0.0,
14-0-1-1-4,-0.17298922762782162,-0.13950865200138243,-0.2562448264676611,-0.3044289567910202,0.00010058297049234399,
14-0-1-0-10,-0.3588156491832492,9.999999999994822e-09,-0.5126196329565721,-0.9395788909190047,0.0,
14-0-1-0-4,-0.3548211745690506,-0.28317528771372236,-0.5126421388659474,0.0002,0.0,
15-0-1-0-7,-0.43654931552695747,0.0001,-0.5144030257527377,-0.6838135208842773,0.0,
4-0-1-1-10,4.127875215263843e-05,-0.5201740501909171,-0.4429232609010776,-1.0127267650108365,4.131153724673897e-05,
19-0-1-0-6,-0.7918404262982648,0.0001,-0.5193878576961543,-1.474655666207041,0.0,
5-0-1-0-6,7.980124437870547e-08,-0.17034435761861297,-0.4298678590391818,-0.34880306539425326,0.0,
7-0-1-0-10,0.0,-0.5869330706104073,-0.5049621838690163,-1.0404380367972081,0.0,
13-0-1-0-3,-0.2618561496799641,-0.31610930974622936,-0.5095544536565307,7.999200019999874e-08,0.0,
12-0-1-0-8,-0.17321006761630534,-0.5076950431504641,-0.5098946281190839,0.0002,0.0,
20-0-1-1-4,-0.8958693462011693,0.0002999799980003,-0.5372188575617507,-1.7959669537410763,0.00020799946913998622,
12-0-1-0-4,0.0,-0.29018812184557846,-0.5097516233713599,-0.40710886895832055,0.0,
9-0-1-0-10,0.0002005614666809886,-0.5788852350217412,-0.5031495673024848,-0.6142228881588264,0.0,
11-0-1-0-5,0.21986915008821303,-0.2403578113397015,-0.5023343479201846,0.2267859249328503,0.0,
20-0-1-1-5,-0.8950575768266179,0.00019999000000000001,-0.5344145865609836,-1.8059358763581776,0.00014974209411501455,
12-1-1-1-10,0.0006974361688852222,-0.519881347910091,-0.44346046613649076,-0.5183023286193991,0.0001477996409006541,
15-0-1-0-2,-0.4462024375900896,0.0001,-0.5127810346750266,-0.8070301200064847,0.0,
9-0-1-0-7,0.0033760747501397977,-0.46446964063704055,-0.5007852499859757,0.003545424832785811,0.0,
8-0-1-1-4,0.0005985582282487768,-0.14760622863859518,-0.2598962420817596,-0.10584479395306708,0.0006082020897378354,
18-0-1-0-2,-0.6967406451247516,0.0001,-0.5178733486720849,-1.2496550208685964,0.0,
13-0-1-0-5,-0.2624932527077634,-0.24424917741080546,-0.5103457740062971,0.0002,0.0,
14-0-1-0-6,-0.3432485080494632,-0.19919538646263799,-0.5131266700995379,0.00020001999799999998,0.0,
15-0-1-0-9,-0.43215257543370866,-0.5612764656313232,-0.5135848013853219,1.9999999999989644e-08,0.0,
10-0-1-1-3,0.03517676110618073,-0.1771199809003697,-0.2671889903143193,0.03524398408978133,0.008701707552536547,
8-0-1-0-10,0.00020019855897347968,-0.5662071240302545,-0.5026069248089746,-0.8150435186461857,0.0,
20-0-1-1-8,-0.8993662331325809,0.00019999000000000001,-0.5328383647425686,-1.7836679732144345,0.00014539927352877344,
17-0-1-0-8,-0.5997901962416442,-0.37442556708886343,-0.5137868537882722,1.7996400299992964e-07,0.0,
15-0-1-0-5,1.998800209990681e-08,-0.2598568240127437,-0.5135482491951404,-0.7539649852471725,0.0,
15-1-1-0-3,0.0012944246745037868,-0.283824555150575,-0.42896572882102874,-0.08417680676093894,0.0,
10-0-1-0-8,0.07825184908349378,-0.5077070321633106,-0.49851159513125576,0.08076746622611194,0.0,
10-0-1-0-11,0.0006965439823504078,-0.7461010900800081,-0.5033012946706871,-0.6211003028955497,0.0,
16-0-1-0-10,0.0,-0.590423270919211,-0.5127107809730325,-1.113170973751166,0.0,
14-1-1-0-10,0.0,-0.5717167553799885,-0.4988553558718789,-0.5679612851031809,0.0,
18-1-1-0-4,0.061391847800032685,0.07073035829251197,-0.42775184765518226,0.061661527549597556,0.0,
13-0-1-0-11,0.0001,-0.7470457793648208,-0.5109167321175127,-1.1334773515109346,0.0,
7-0-1-0-11,2.4693490716328282e-09,9.999999999994822e-09,-0.4954849829388249,-1.398766938396075,0.0,
12-0-1-0-10,-0.1861707850133779,-0.5911050590101485,-0.5107734946484174,1.9999999999989644e-08,0.0,
10-0-1-0-7,0.07799069348326441,-0.45684190073696745,-0.4985773042806824,0.07825127918328816,0.0,
10-0-1-0-10,0.003429649641774473,-0.5861065709975255,-0.5010418068972647,-0.19971403599319365,0.0,
5-0-1-0-3,7.799912531374176e-05,0.0001000399920005,-0.42850416551540593,-0.5339364472409155,0.0,
12-0-1-1-6,-0.09462808461354336,-0.0970448735608133,-0.2581127300430277,-0.15794393497177267,0.00030161736092434977,
16-1-1-0-6,0.0587564037074005,-0.16617662752912052,-0.43458842998029334,0.05854599203059983,0.0,
19-0-1-0-8,-0.7914179981255085,0.0001,-0.5211148079288197,-1.4528078417551833,0.0,
20-1-1-0-7,0.06980624153172416,0.21846458650908887,-0.4319020678608361,0.2183137435926014,0.0,
13-1-1-0-4,0.0008975534624173253,-0.23774246318558942,-0.42868950045567245,-0.03237670873938172,0.0,
14-1-1-0-6,0.05960859401429181,-0.16400370750451926,-0.42804227392268884,0.05970318489584594,0.0,
18-0-1-0-9,-0.6935894117327245,9.999999999994822e-09,-0.5172140260482501,-1.2241157504801505,0.0,
7-0-1-0-4,0.0011993807152261154,-0.26957420676740884,-0.4924912259476648,-0.04325855427511294,0.0,
12-0-1-0-6,-0.18014525206573398,0.00030003989007736613,-0.5106247916399206,-0.2924889628011922,0.0,
13-0-1-0-8,0.0,-0.5189144664284769,-0.5109613283170933,-0.583785594546633,0.0,
13-0-1-0-2,0.0,-0.3690057494439227,-0.5108245607133324,-0.5664626156439614,0.0,
20-0-1-1-6,-0.900724195331832,0.0002999500039999,-0.5370326983630084,-1.803087520596937,0.0002324487143103836,
7-0-1-0-3,0.00010012556485097901,-0.314086808966748,-0.49268719943433614,-0.5157825188561208,0.0,
12-0-1-1-10,-0.15891452122426683,-0.5031141730397621,-0.44321345969578546,-0.6744270311086413,0.00020058302796900827,
8-0-1-0-5,0.0031727659004586353,-0.23957333771680706,-0.4919307457335471,0.00318824091727726,0.0,
19-0-1-0-9,-0.7936114062024799,0.0001,-0.5173890542543853,-1.4311876216063073,0.0,
19-0-1-0-5,-0.7867724352593448,9.999999999994822e-09,-0.5215323404982427,-1.4738431169388708,0.0,
19-0-1-0-3,-0.7901003119188157,0.0001,-0.5217008829924817,-1.4661675752825616,0.0,
13-0-1-0-10,-0.27592150382123704,0.0001,-0.5103817633296052,-0.8607311450741106,0.0,
11-0-1-0-7,0.23068861458862258,-0.46682535489426524,-0.5022455660238054,0.23224618345579462,0.0,
14-1-1-0-8,0.002850932439644399,-0.4330624660391024,-0.4291550050790113,-0.21222654281892597,0.0,
15-0-1-0-6,-0.4414039031965035,0.0002000299920005,-0.5147571960988303,-0.7010497209401423,0.0,
13-1-1-0-10,2.998800099999208e-08,-0.5846460702085168,-0.49862880609736676,-0.5658442123285324,0.0,
11-0-1-0-9,0.14794673868153718,-0.5410967476778749,-0.5013964304289207,0.0964006817878533,0.0,
15-1-1-0-11,0.0006980045520771627,-0.635551205752652,-0.4365925657026093,-0.8188685370640219,0.0,
19-0-1-0-10,-0.8020917702426448,0.0001,-0.5181183485390848,-1.5032246150320043,0.0,
4-0-1-1-8,1.2839516159447229e-05,-0.2645376066069556,-0.257638067730496,-0.5024151049749165,0.00020146867854003945,
5-0-1-0-5,0.00010028385385184185,0.00020000999400069996,-0.4283669774627708,-0.4413117267947359,0.0,
14-0-1-0-2,-0.34476125045019923,3.999600009999937e-08,-0.5124668378774544,-0.6591865071720217,0.0,
18-0-1-0-6,-0.6965258623061803,0.0006988919574290356,-0.5180097927817191,-1.206510150286396,0.0,
20-0-1-0-5,-0.41033375926605054,0.000299970001,-0.25089926528992595,-0.8477997747226345,0.0,
16-0-1-0-9,0.0,-0.5552372690688574,-0.5131249736652373,-0.9358147442535746,0.0,
16-0-1-0-2,-0.5247087643314661,0.0001,-0.5128641632520039,-0.9137652679729087,0.0,
6-0-1-0-11,0.0,-0.6419113218939275,-0.43366263954473183,-1.2664434493059133,0.0,
15-0-1-0-11,0.0,-0.7574593226507238,-0.5151925455699036,-1.214563864908584,0.0,
9-0-1-0-5,0.003963363178946332,-0.25180789726678615,-0.500595232094435,0.004166404228132115,0.0,
9-0-1-0-8,0.0002005106501338924,-0.5055470795863628,-0.5003552833756977,-0.14657939776973775,0.0,
5-0-1-0-9,3.5704060479347986e-05,-0.4602771463024204,-0.42974610832789334,0.0002,0.0,
20-0-1-1-3,-0.9007029601095757,0.00019999000000000001,-0.536093903545472,-1.817136235840113,0.0001583646050034239,
16-1-1-0-4,0.007180315058730564,-0.24782312214048544,-0.43419087696370035,-0.00882807424842675,0.0,
18-0-1-0-3,-0.7028445579398044,0.0001,-0.517647714300467,-1.2251909032160266,0.0,
17-0-1-0-7,-0.6136112710505934,0.0003999600029999,-0.5136484304727658,-0.9363004572654942,0.0,
18-0-1-1-10,-0.6035962361817152,-0.17090070566733956,-0.44370297029995304,-1.1534602629183488,0.00030225280912223946,
17-1-1-0-3,0.0020822607715588535,-0.15879464773405727,-0.42733029950677465,-0.0441994154557262,0.0,
18-0-1-0-8,-0.6928998146126685,3.834871638705083e-05,-0.516910255577262,-1.1575672285274523,0.0,
9-0-1-0-6,0.004049676015222942,-0.20176026865901006,-0.5004459020124055,0.004166792236622887,0.0,
11-0-1-0-3,0.21539543751941642,-0.3271752626387188,-0.502309808451408,0.22332095739071978,0.0,
11-0-1-0-6,0.22598911831397483,-0.2061135950047805,-0.5020722905328077,0.22950810208981795,0.0,
14-0-1-0-5,-0.35353746724308477,0.00010000999899999999,-0.5119090572931935,-0.6068982636555593,0.0,
20-0-1-1-9,-0.897820401969253,0.00019998000100000002,-0.535829476234126,-1.8067680480682606,0.00015662825038708714,
15-0-1-0-4,-0.4422844132747763,0.00040001996000949913,-0.5137147047462927,-0.7711788567284813,0.0,
18-0-1-0-10,-0.7075630446544965,-0.230164021182201,-0.5177141144256318,0.0002,0.0,
12-0-1-0-11,0.0,-0.7615211478492059,-0.5123600593890122,-1.0933898990042272,0.0,
6-0-1-0-7,6.088451314991317e-05,-0.407748554227459,-0.4292282748783721,0.0002,0.0,
13-0-1-0-4,-0.2673821757530654,-0.2898906379243873,-0.5111895838602735,0.0002,0.0,
14-0-1-1-10,-0.2861848600783821,-0.5049112572151583,-0.44464606109555543,-0.8169435604247248,0.00020002155882863947,
17-1-1-0-8,0.0016957450863729659,-0.3078852323774645,-0.4273376581476577,-0.20119180266845443,0.0,
18-1-1-0-10,0.00010022941471757675,-0.20331509169925363,-0.49853680156420965,-0.4263800299347736,0.0,
16-1-1-0-10,1.99780020999e-08,-0.5736702260613259,-0.5035880772585614,-0.5676048904119191,0.0,
14-0-1-0-11,0.0,-0.7497274702986846,-0.5152176148695589,-1.1908408722836414,0.0,
13-0-1-0-6,-0.26561357945955444,-0.20512447737518832,-0.5110822598295122,0.00020002000000000005,0.0,
11-0-1-0-2,0.22086073172632711,-0.3723782039430342,-0.5015148930320505,0.2212469098896018,0.0,
16-0-0-0-10,0.0,-0.5975131136373126,0.0,0.0,0.0,
20-1-1-0-5,0.06401415686202315,0.26358056625824217,-0.43411637590712154,0.2634387179169849,0.0,
10-0-1-1-6,0.039016591825603325,-0.10260152768421404,-0.26959062143351964,0.03922090746145689,0.011513862328149443,
19-0-0-0-10,-0.7776519228158695,4.09636201416895e-07,0.0,0.0,0.0,
10-0-1-0-6,0.07502975886601944,-0.2043441268052783,-0.4987319398164427,0.07559407866003161,0.0,
14-0-1-0-7,-0.3490387496527357,-0.4839157505654669,-0.5124093918040796,7.999200019999874e-08,0.0,
15-1-1-0-10,0.00020005986408136868,-0.5858864651525383,-0.5017594701528597,-0.5566612235528962,0.0,
15-0-0-0-10,-0.4366678157292612,3.999600009999937e-08,0.0,0.0,0.0,
7-0-1-0-9,0.0,-0.5309833251088947,-0.49229738548949514,-0.9165965084463905,0.0,
13-0-0-0-10,0.0,-0.5700384104618308,0.0,0.0,0.0,
16-0-1-1-3,-0.25652812267277025,-0.16106008698153876,-0.2554608536095177,-0.4222662088939394,0.00040702677656005406,
20-0-1-1-10,-0.9123982821734303,0.0001,-0.5353083345480733,-1.8131368767093796,7.494276563720347e-05,
13-1-1-0-8,0.0004989816231584841,-0.442139361978028,-0.4279131231618069,-0.23051252989297003,0.0,
17-0-1-0-3,-0.6067140710384821,0.00010007998200149996,-0.5151537812973358,-1.0712183122579826,0.0,
14-1-1-0-4,0.004772413349862451,-0.2475899933205198,-0.42867268900597855,-0.04233649669652656,0.0,
14-1-1-0-7,0.0016945427393488819,-0.39931128587796433,-0.4290506268854256,-0.11371587634013927,0.0,
19-0-0-0-11,-0.7399907624252648,0.0001,0.0,0.0,0.0,
19-1-1-0-2,0.0625066726768399,0.06710695895118639,-0.42709319733589496,0.059561598094632295,0.0,
19-0-1-0-7,-0.789595922946721,0.0001,-0.5227618552608121,-1.4569500561847006,0.0,
15-0-1-0-3,-0.4365899148121536,-0.34443948811964203,-0.5141674800132866,0.00039998000000000003,0.0,
8-0-1-0-6,0.000846853858563132,-0.20099234596853185,-0.49315040923326936,-0.08371012325661474,0.0,
8-0-1-0-7,0.0021831294239508196,-0.45614366883199164,-0.49221647929558526,0.0021965251880701206,0.0,
18-1-1-0-8,0.0588087670510595,0.0588615162645013,-0.4291085498103031,-0.056067917139792124,0.0,
10-0-1-0-4,0.07228799942511231,-0.2819884026999714,-0.49853952599040663,0.07626939446744709,0.0,
17-0-1-0-9,-0.6051133452910824,0.0001,-0.5132846176009768,-1.0730761894119616,0.0,
6-0-1-0-4,9.159754726713033e-05,-0.24063673684073217,-0.4267040153318487,0.0002,0.0,
9-0-1-0-3,0.00020005714492396967,-0.3223066734946126,-0.5002493219653876,-0.059844375269295924,0.0,
17-0-1-0-10,-0.614334705734971,9.999999999994822e-09,-0.5134454104195778,-1.189273883173065,0.0,
12-0-1-0-2,-0.18234042436531298,-0.37304304302488195,-0.5114759170823419,0.0002,0.0,
17-0-1-0-4,-0.6118712546500719,-0.16267950882419752,-0.5144081756136947,0.0002,0.0,
10-0-1-0-9,0.05539475943539156,-0.5450808208731331,-0.4984184930054068,0.03170001858164429,0.0,
17-0-1-0-2,-0.6082236152819471,0.0001,-0.5135946380693488,-1.045940848205921,0.0,
16-1-1-0-7,0.0028603070702701502,-0.40956496723938596,-0.43469816095299224,-0.12421661032168586,0.0,
16-0-1-0-8,-0.5142986364475951,-0.5243096213323233,-0.5129675701656456,0.0002,0.0,
16-0-1-0-11,-0.5450722547358176,-0.7619984151365725,-0.514883416249203,1.9999999999989644e-08,0.0,
16-0-1-1-7,-0.2561492790059252,-0.25883699362770185,-0.25516796694949656,-0.39281713842499394,1.700192147500279e-07,
14-1-1-0-2,0.0004998799760115992,-0.31707181278304364,-0.4288522885386724,-0.14504025608194324,0.0,
18-0-1-0-7,-0.7001524723475318,0.0001,-0.517000392048088,-1.1695109387648144,0.0,
18-0-1-0-11,-0.7255247139907957,9.999999999994822e-09,-0.5220198262272536,-1.4271408674193817,0.0,
13-0-1-0-9,-0.2593388979436453,0.0001,-0.5095426126147362,-0.7102010142927979,0.0,
12-0-1-1-11,-0.09963744589606972,-0.3707690254183472,-0.25816110507814644,-0.32199008359073933,0.0006022559207692303,
21-0-1-0-11,-0.3437136601256661,0.0002,-0.228285506014091,-0.4281637354071672,0.0,
13-0-1-0-7,-0.2622975155525858,-0.48171526408753423,-0.5111066049497889,2.2764431999858833e-06,0.0,
11-0-1-0-8,0.23065892692960388,-0.5034021956679512,-0.5022018262075351,0.23338271795601156,0.0,
12-1-1-1-8,0.0006994265303049204,-0.2602009515644446,-0.2606577576128031,-0.13364883976217987,0.00014926810076652217,
24.0-0-1-0-8,-0.02156268835913292,0.000599940002,-0.02136944757714917,-0.04948190055644216,0.0,
7-0-1-0-5,0.00020263689013546847,-0.23259076305171603,-0.49261263483491147,-0.36556087891684746,0.0,
17-0-1-0-5,-0.6104182428972018,4.999200049998591e-08,-0.5143769946318149,-1.0041034062467418,0.0,
17-1-1-0-10,0.000299919879143707,-0.44251113276086423,-0.49849818287967873,-0.5341567955977868,0.0,
20-0-0-0-8,-0.8553885819463045,0.0001,0.0,0.0,0.0,
6-0-1-1-2,6.29309464741241e-05,-0.18873138793060482,-0.25794396184351204,-0.38080445750069253,6.883610178365357e-05,
7-0-1-0-8,0.00010013545623630953,-0.4863479583946126,-0.4914504834569688,-0.8345780910058954,0.0,
13-1-1-0-3,0.006000530707250478,-0.28827152877728035,-0.4284192177689252,-0.0869363958210118,0.0,
8-0-1-0-2,0.0002000493634287013,-0.36175980419891157,-0.4914576538185613,-0.3600061751183577,0.0,
20-1-1-0-11,0.04533186744701385,0.04560018172852087,-0.4292101825390474,-0.548387759106069,0.0,
18-0-0-0-6,-0.6858512468416169,0.0001,0.0,0.0,0.0,
10-0-1-0-3,0.07455162150905557,-0.32058483566687845,-0.4985673472879902,0.07576740950703194,0.0,
16-1-1-0-2,0.002074206301322034,-0.30750811831924085,-0.43205593603452874,-0.11962751998811394,0.0,
20-0-1-1-2,-0.918480717929685,0.0001,-0.5364723077574489,-1.801009641157876,9.257350126767705e-05,
6-0-1-0-5,0.00013703050125692787,-0.20248800833793876,-0.4290383194375621,0.0002,0.0,
16-0-1-0-5,-0.5271064633384279,0.0001,-0.5122527019109117,-0.8671610429692437,0.0,
20-1-1-0-3,0.06318576450141124,0.20600598634725586,-0.4328642121543081,0.20616166891362672,0.0,
20-1-1-0-9,0.0634787686824314,0.06371040788240678,-0.4280802213075624,0.031420583667423695,0.0,
16-1-1-0-11,0.0002998899560561726,-0.6277647242432921,-0.43570209814051564,-0.8132527383025445,0.0,
13-1-1-0-7,0.0016842990654846832,-0.3887665301214899,-0.42786274239012784,-0.13064431323929404,0.0,
12-0-1-0-3,-0.1741655639029855,-0.3275597717484542,-0.5111369593062757,0.0002,0.0,
11-0-1-0-4,0.222362715721386,-0.28394743345834883,-0.5026245591349663,0.22441526559256714,0.0,
18-0-0-0-7,-0.6837055214070097,9.999999999994822e-09,0.0,0.0,0.0,
19-0-1-0-4,-0.7908259224159047,1.999899999999364e-08,-0.5217165771762518,-1.4724168256899037,0.0,
9-0-1-0-9,0.00010031724198646755,-0.5506465003739756,-0.5000998596359376,-0.3846894814556725,0.0,
7-0-1-0-7,0.00020044396211378956,-0.4670274877597048,-0.492841443849588,-0.61575618118825,0.0,
8-0-1-0-11,0.0,-0.7305278707592112,-0.4929187470363662,-1.1929543835928478,0.0,
7-0-1-0-6,0.0005999938297227855,-0.18443014057515916,-0.49300129934304227,-0.2594103967291737,0.0,
18-0-1-0-5,-0.7063848130264995,0.000299970001,-0.5174145342108765,-1.2320196342387464,0.0,
12-0-0-0-8,-0.1488956431200801,0.0001,0.0,0.0,0.0,
17-1-1-0-11,0.000299939929068368,-0.5822935930979262,-0.4310290589906206,-0.7846156871454882,0.0,
7-0-1-0-2,0.0004005753281152057,-0.3585773434693261,-0.4925546096992514,-0.43257761423437735,0.0,
15-0-1-0-8,-0.4389318584504424,-0.5336196046541034,-0.5150644774926246,0.0002000399940002,0.0,
8-0-1-0-3,0.001800487706265104,-0.31967984107784647,-0.4919724125259191,-0.06469262046231344,0.0,
17-1-1-0-9,2.996500539959001e-08,-0.34835891381852657,-0.4275341662601447,-0.30176763125253414,0.0,
20-0-1-0-8,-0.41410578532534686,0.0001,-0.24827445258881667,-0.8474534880032818,0.0,
20-0-1-0-7,-0.4238933124181208,0.0001,-0.2479906258899568,-0.8426310937436444,0.0,
18-0-1-1-11,-0.36693632002015153,-0.20345405800710847,-0.26222449446499557,-0.7145177941255707,0.00010138219908171154,
5-0-1-0-10,5.746371799370043e-05,-0.5787541257163236,-0.4989427772369248,0.0002,0.0,
10-0-1-0-5,0.07362612935175289,-0.23079931972939674,-0.49859733901779124,0.07651922638831958,0.0,
15-1-1-0-7,0.0004996599184098088,-0.39082863125498873,-0.42958095241581984,-0.1146232003118968,0.0,
17-1-1-0-4,0.04887723558106708,-0.1373780814019108,-0.4274252656620249,0.04074174254948753,0.0,
18-1-1-0-6,0.06810892163369935,0.1329939106852424,-0.4284428386447285,0.13292881053467506,0.0,
5-0-1-0-7,2.9962010097550386e-08,-0.3927534862381463,-0.427296420591894,-0.7838065294198465,0.0,
20-0-0-0-3,-0.8587701169866957,0.0001,0.0,0.0,0.0,
18-0-1-0-4,-0.7003307917463549,6.998600129993744e-08,-0.5178932594218709,-1.2343298607980608,0.0,
20-1-1-0-2,0.06148032191274716,0.15348544048651014,-0.4306614071500453,0.1468582766372035,0.0,
6-0-1-1-6,5.1600102769844054e-05,-0.09636588031359515,-0.257230022624925,-0.17293778558778153,0.0010095037500669458,
13-1-1-0-2,0.004572669244199781,-0.311664319934274,-0.42832969830419665,-0.10104217840386735,0.0,
10-0-1-1-5,0.03449511809887749,-0.12819764567628245,-0.2680269079884153,0.034901859940372884,0.010681796489064336,
12-1-1-1-6,0.030967488901246017,-0.0984737876778423,-0.25588300156797356,0.03114912843368884,0.0004374398024150452,
16-0-1-0-4,-0.5225764868688954,-0.29084604036882805,-0.5135554320079861,0.0002,0.0,
12-0-1-0-7,-0.17118107651917533,0.0001,-0.5103241380382115,-0.41513646647880076,0.0,
18-0-1-1-3,-0.3620115118705557,0.012410618970024299,-0.26502979437279806,-0.6193413997622488,0.012328589218015124,
8-0-1-1-10,0.00046215697390382073,-0.5136827047205371,-0.4528666211855957,-0.5316988838541283,0.0004631244763109115,
17-0-0-0-10,-0.6174381786334285,0.0001,0.0,0.0,0.0,
19-1-1-0-5,0.0645068256350405,0.19250136706078286,-0.4287951089446216,0.19142259530965594,0.0,
18-0-0-0-10,-0.6955491421015263,3.999600009999937e-08,0.0,0.0,0.0,
10-0-1-0-2,0.0736255267029659,-0.3652013413205005,-0.4984352397299121,0.07449016599259943,0.0,
17-0-1-0-6,-0.6162387575541756,9.999999999994822e-09,-0.5143934354989607,-1.0203449698056735,0.0,
8-0-1-1-8,0.0004284860356940266,-0.2497881706878386,-0.25956326339073627,-0.23160768366431708,0.00042951396377555943,
5-0-1-0-2,9.905561926350231e-05,-0.3033753429386548,-0.42816790911104563,0.0002,0.0,
10-0-1-1-10,0.0002996204603815099,-0.5196275068214987,-0.4545715046319161,-0.21588994272322157,0.00022086739500127965,
15-1-1-0-5,0.052593526437674745,-0.1963007572061615,-0.42826874224589756,0.047346713473012204,0.0,
20-1-1-0-8,0.06635244252075956,0.14906718540606975,-0.43228169515231196,0.14913386131586368,0.0,
8-0-1-1-7,0.0008245912056558829,-0.24465776029063452,-0.26025783759643933,-0.1202926865770888,0.003789358877545024,
12-0-1-0-5,0.00030010979909177404,-0.24115333785957394,-0.5107139222963187,-0.33177154085597066,0.0,
16-0-1-1-10,-0.45561924841993107,-0.5088242330129069,-0.4441427959688651,-0.9387727852553637,1.998e-08,
9-0-1-0-11,0.0,-0.7340862677717143,-0.5044934458492945,-0.9895112044354805,0.0,
20-0-0-0-10,-0.8721572955790746,9.999999999994822e-09,0.0,0.0,0.0,
20-0-0-0-6,-0.8572126728004614,0.0001,0.0,0.0,0.0,
11-0-1-0-11,0.0002998900249970002,-0.7475593123187145,-0.5056890899627371,-0.46384149412592407,0.0,
9-0-1-0-2,0.0012003128160763313,-0.360055336440926,-0.5004798280088862,-0.12386458774993768,0.0,
20-0-1-1-7,-0.8959021170740559,0.000299970001,-0.5350488715469018,-1.7866018322624164,0.00025732366741565524,
21-0-1-0-7,-0.31592961768800193,0.0013995800699930002,-0.21895751526322965,-0.43048961219561227,0.0,
18-1-1-0-5,0.06862059505686477,0.09698017063545425,-0.4271632235850664,0.09745578708358554,0.0,
16-0-1-1-9,-0.26048646962016886,-0.2743131245694299,-0.26116542536081305,-0.47642620246695655,1.998099860042997e-08,
16-0-1-0-6,-0.5189165939752768,1.9990402669499093e-07,-0.5136156098128469,-0.8342894261299922,0.0,
6-0-1-1-7,3.371188999618517e-05,-0.24396324698505978,-0.25889440868990155,-0.435009655887049,0.0002006683964752769,
12-1-1-1-3,0.0008986163533380409,-0.16507623228701465,-0.26020751978129336,-0.06342944448871636,0.00015405723640976671,
22.0-0-1-0-3,-0.02751970165474528,0.000999800019999,-0.019900395367375926,-0.046724703956200445,0.0,
14-0-1-1-11,-0.19942920941056136,-0.3944330871175797,-0.2640026762017761,0.0002,6.704466249865082e-05,
12-1-1-1-7,0.00020457509515098908,-0.2453007892371653,-0.26331341534560615,-0.0842586244608668,0.00016779655695719876,
17-0-0-0-9,-0.599319020952399,9.999999999994822e-09,0.0,0.0,0.0,
17-0-0-0-3,-0.5991720365068685,0.0001,0.0,0.0,0.0,
12-0-1-1-9,-0.08828380911138851,-0.27416010946413394,-0.26159496237308033,-0.2552252105128865,0.00040197928684050383,
14-0-1-1-8,-0.1760435301571697,-0.26803201832647705,-0.25937725200480616,-0.3264619569713165,0.0004062912096596191,
8-0-1-0-4,1.292835683028773e-06,-0.2835084397291736,-0.4926877523584981,-0.2121442992907426,0.0,
17-0-0-0-8,-0.5942286009245201,0.0001,0.0,0.0,0.0,
19-1-1-0-9,0.06377735361490522,0.06393661614637015,-0.4290146529227441,-0.11381744101025303,0.0,
5-0-1-0-8,0.0,-0.4395699491604438,-0.4282930066872839,-0.8646953776058202,0.0,
16-1-1-0-8,0.0006983058180917134,-0.44828043079621943,-0.43578746143315483,-0.2356794655422662,0.0,
17-1-1-0-2,0.001396567841322732,-0.19553328174468027,-0.42693734345530227,-0.10184890432534408,0.0,
16-0-1-0-3,-0.5248262195331896,-0.33273404225213205,-0.514353893021081,0.0002,0.0,
8-0-1-0-8,0.00010032745273596836,-0.4980184895988566,-0.49220424514684874,-0.5084707659083432,0.0,
5-0-1-0-4,9.307502936167712e-05,-0.2365968678970311,-0.4287487844305468,0.0002,0.0,
20-0-1-1-11,-0.9175647206641848,0.0001,-0.5338135050063315,-1.8462042499001725,6.64203066579725e-05,
19-1-1-0-7,0.0721950835390162,0.15940517108124208,-0.4288665825277662,0.15232431117636364,0.0,
19-0-0-0-7,-0.7783573174325397,0.0001,0.0,0.0,0.0,
20-0-1-0-3,-0.41518556692878544,0.00010000999899999999,-0.251769533714379,-0.8413514510022716,0.0,
19-0-1-0-11,-0.806884936458345,0.0001,-0.517652125260835,-1.5799498314373026,0.0,
9-0-1-0-4,0.0031105530767827926,-0.280144758817417,-0.5003000550418233,0.0032734554261626956,0.0,
12-0-1-0-9,-0.17250097745239956,-0.5479907725926944,-0.5096441259216206,0.0002,0.0,
18-0-1-1-4,-0.3587049886143872,0.013724194185637634,-0.2615975430210998,-0.6331843590622003,0.013685238835351653,
16-0-1-0-7,0.0,-0.4972095111386063,-0.5143553214339577,-0.8045994889449991,0.0,
14-0-1-1-3,-0.17178496818138655,-0.17728913252781123,-0.257692237707909,-0.31201208544328524,0.0004041265151947936,
18.0-1-1-0-3,0.05546634932701785,0.0555401037214087,-0.4269275010414521,0.03415645452820687,0.0,
14-1-1-0-11,0.00020000982217949507,-0.6400363628962125,-0.42931397322884635,-0.8140982341606651,0.0,
16-0-0-0-3,0.0,-0.3413933563919255,0.0,0.0,0.0,
19-1-1-0-11,0.0008969264315084648,-0.12426847645164607,-0.43552083646462625,-0.6480612880909182,0.0,
5-0-1-0-11,1.4178140706241807e-05,-0.6318870390190288,-0.42842848070525075,0.0002,0.0,
6-0-1-0-6,8.584898235940032e-05,-0.16483882688885512,-0.42553297154504005,0.00020001999799999998,0.0,
16-1-1-0-3,0.001093360459067914,-0.2871964378269476,-0.43365657310034617,-0.09485741586102073,0.0,
18-0-1-1-5,-0.35580866784506526,0.015042344770379424,-0.26621310885058636,-0.624568159898845,0.01495093465655453,
14-1-1-0-9,0.0006978466474579602,-0.4612303347573613,-0.4289741791854535,-0.32212408246148705,0.0,
16-0-0-0-8,0.0,-0.5115216715006398,0.0,0.0,0.0,
10-0-1-1-4,0.03439815056911791,-0.15353924334289584,-0.26434331614109435,0.034636915821896354,0.010030048336849073,
20-0-0-0-2,-0.8599054520704131,0.0001,0.0,0.0,0.0,
12-0-1-1-3,-0.08946968038108412,-0.17012619834448192,-0.25555940454099907,-0.18234288236539242,0.0014030747268260107,
6-0-1-1-10,3.619993349848283e-05,-0.5224016133262548,-0.4464335981359429,-0.7424686799755346,0.0004002615746906156,
18-0-1-1-2,-0.3611262490476464,0.009620843616264769,-0.2687080376328858,-0.6326273594037622,0.00955366199118629,
16-1-1-0-9,0.00010008986105879154,-0.47715783425988767,-0.43442470876301936,-0.325268310181887,0.0,
6-0-1-0-10,0.0,-0.577671491415868,-0.5024983493780301,-1.1354611684314075,0.0,
18-1-1-0-2,0.0427425196993768,0.041424450671297804,-0.4260731219995424,0.01770549329871536,0.0,
19-1-1-0-10,0.04833655902480193,0.045122803484702344,-0.4984691288479099,-0.3393187860694731,0.0,
16-0-0-0-7,0.0,-0.4781764447953996,0.0,0.0,0.0,
19-1-1-0-6,0.06489566696371335,0.22951286468967833,-0.42658196039932333,0.22921758007862292,0.0,
8-0-1-0-9,0.0,-0.5260296831010955,-0.4920272796418495,-0.7039507758912721,0.0,
14-0-0-0-7,0.0,-0.47642308329610683,0.0,0.0,0.0,
6-0-1-0-3,8.539560586936265e-05,-0.2701895406897989,-0.42760997709673404,0.00020001999799999998,0.0,
13-0-0-0-7,-0.2553218508894368,0.00019999000000000001,0.0,0.0,0.0,
8-0-0-0-7,0.000300278169910516,-0.019369554673130025,0.0,0.0,0.0,
14-0-0-0-3,-0.35666183156071884,0.0001,0.0,0.0,0.0,
4-0-1-1-5,7.356242273676343e-05,-0.12222167872555008,-0.25874682645637226,-0.2518853561256677,0.00020591439032203708,
6-0-1-1-3,4.9657654551622236e-05,-0.17000910994043375,-0.257313251341784,-0.31512349739554174,5.690084991561939e-05,
18-0-0-0-9,-0.678944871429522,0.0001,0.0,0.0,0.0,
14-0-0-0-10,0.0,-0.5910060860888731,0.0,0.0,0.0,
20-0-0-0-9,-0.8583352113387895,0.0001,0.0,0.0,0.0,
14-0-0-0-6,-0.3453772881679735,9.999999999994822e-09,0.0,0.0,0.0,
12-0-0-0-10,-0.15218863755035364,0.0001,0.0,0.0,0.0,
12-0-0-0-7,0.0,-0.42967513538775504,0.0,0.0,0.0,
21-0-1-0-9,-0.3091005574000818,0.000599940002,-0.2175628631167616,-0.4144598671005874,0.0,
17-0-0-0-4,0.0001,-0.1602375305913793,0.0,0.0,0.0,
20-1-0-0-6,0.05535304688403105,0.05543836146708961,0.0,0.0,0.0,
16-0-0-0-9,-0.5097752310848885,0.0001,0.0,0.0,0.0,
15-0-0-0-6,-0.4328701744845453,9.999999999994822e-09,0.0,0.0,0.0,
11-0-0-0-10,0.0001,-0.40133449359433954,0.0,0.0,0.0,
10-0-1-1-9,0.02025721972150161,-0.29122960607163295,-0.2664628254870431,0.020346974024158082,0.00561368650896503,
10-0-1-1-8,0.03266281001258238,-0.2642714649936862,-0.26637361789367875,0.032854347733687554,0.009264987889635926,
14-0-0-0-11,0.0,-0.4894188532996914,0.0,0.0,0.0,
14-0-1-1-9,-0.1743134873467604,-0.28047071253252553,-0.25623036963573365,-0.3560887750881361,0.00020263692188068896,
8-0-1-1-9,0.00019042254109806733,-0.2501124764125247,-0.26442036670294466,-0.38025306990642554,0.00020163648938866178,
18-0-1-1-7,-0.37086529688882747,0.014376652582608755,-0.2654173788481199,-0.602593998121705,0.014297972337312746,
11-0-0-0-5,0.0001999899859790145,-0.18575454612519574,0.0,0.0,0.0,
16-0-0-0-6,-0.5114395732913976,0.0001,0.0,0.0,0.0,
19-0-0-0-9,-0.7687989476373841,0.0001,0.0,0.0,0.0,
13-1-1-0-5,0.046932515899333664,-0.21012173997381117,-0.4259658043591545,0.031336889027289434,0.0,
18-1-1-0-9,0.0004987036063705638,-0.10504484006910697,-0.4272653735276091,-0.22460016786516165,0.0,
12-0-1-1-5,-0.0907795556752384,-0.1145801746914939,-0.2535220022041352,-0.15322069669539198,0.00040237835287461755,
14-1-1-0-5,0.029144852172176286,-0.20768526287171352,-0.42855745823919306,0.018100540374402594,0.0,
4-0-1-1-11,8.455721851625477e-06,-0.3802877208994319,-0.25784503471711306,-0.7468731246783236,8.482269277538164e-06,
20-0-0-0-7,-0.859571195691028,0.0001,0.0,0.0,0.0,
6-0-1-0-2,0.00010782291456649721,-0.301966197791952,-0.4301624380927802,0.0002,0.0,
10-0-0-0-4,0.0004982941489149926,-0.1619495646894454,0.0,0.0,0.0,
18-1-1-0-7,0.07174919535689317,0.11340547591635707,-0.42956803278549555,0.10725151597051825,0.0,
13-0-0-0-3,-0.25862298240603643,6.998600129993744e-08,0.0,0.0,0.0,
17-0-0-0-2,-0.6007297681484212,0.0001,0.0,0.0,0.0,
17-1-1-0-6,0.062404793784674596,-0.06947022967213967,-0.4260732806296338,0.06256561316426067,0.0,
16-0-1-1-2,-0.2595031430289403,-0.17252629979771097,-0.2553908562689157,-0.4607888794446442,0.00010020497454529776,
13-1-1-0-6,0.058640059072584495,-0.1690002454131452,-0.4293314802442979,0.05888382135031078,0.0,
4-0-1-1-4,5.562426565300358e-05,-0.14148595537220035,-0.25999159082494766,-0.2838742434920167,0.0006057346098042571,
20-0-1-0-11,-0.4309899662890681,0.00019998000199990002,-0.2527077744447989,-0.8857809138990639,0.0,
14-1-1-0-3,0.0014946539970737403,-0.2772058613143088,-0.42720196605422284,-0.06681620982159163,0.0,
19-0-0-0-5,-0.7718897202733913,0.0001,0.0,0.0,0.0,
16-0-0-0-2,-0.5244269081234197,0.0001,0.0,0.0,0.0,
12-0-0-0-6,-0.17465950928233295,9.999999999994822e-09,0.0,0.0,0.0,
6-0-1-1-5,7.953931695734829e-05,-0.11904889784486121,-0.256805274272754,-0.2304845320742685,0.00010010396621411435,
20-0-1-0-10,-0.7555552047966294,0.00010001000000000003,-0.44513852356790207,-1.522579038808145,0.0,
4-0-1-1-3,4.311181162168149e-05,-0.16522471500766076,-0.2596390333508946,-0.3201891009358302,0.00020520788633293248,
10-0-1-1-11,0.0001000499150467858,-0.39186653678441086,-0.2671338011929026,-0.3461445110796648,3.479204529260665e-05,
16-0-1-1-6,-0.2568604794731013,-0.09695342900665031,-0.2612879254203193,-0.41511922125923556,0.0002017492704417388,
19-1-1-0-8,0.0641189715981036,0.09874317132867727,-0.4282621479952717,0.09582235639820365,0.0,
15-0-0-0-7,0.0,-0.479155671411348,0.0,0.0,0.0,
8-0-1-1-5,0.0011733200670123944,-0.12252473716292395,-0.2604090762208074,-0.07523491382215752,0.0011780394664444786,
19-1-0-0-10,0.008612229467809438,0.0045802762392391895,0.0,0.0,0.0,
15-1-1-0-9,1.9979999101259553e-08,-0.4707135305814718,-0.4277477046648287,-0.31916712633710215,0.0,
20-0-0-0-5,-0.8600811267263752,0.0001,0.0,0.0,0.0,
8-0-1-1-6,0.0012049715857019524,-0.10094184683962837,-0.25618840125884346,-0.051955311967850214,0.0012258178581972673,
12-1-1-1-11,0.00020010951754214788,-0.39452539379666396,-0.26019725592944454,-0.4935309359335533,8.640914458185733e-05,
4-0-1-1-7,3.429644001010254e-05,-0.23685758721318742,-0.25818677358075526,-0.4976705360454199,5.634832492428818e-05,
14-0-0-0-2,0.0,-0.3594087895310615,0.0,0.0,0.0,
15-0-0-0-8,-0.4145157684543453,0.0001,0.0,0.0,0.0,
14-0-0-0-9,-0.3350085111527463,9.999999999994822e-09,0.0,0.0,0.0,
13-0-0-0-11,-0.16601536400041836,9.999999999994822e-09,0.0,0.0,0.0,
19-0-0-0-2,-0.7708797657663207,0.0001,0.0,0.0,0.0,
15-0-0-0-9,0.0,-0.5266675567986341,0.0,0.0,0.0,
20-1-1-0-6,0.06588363948924668,0.30322882863672795,-0.4311299553177331,0.3028949122775288,0.0,
17-0-0-0-5,0.0,-0.11977471590701773,0.0,0.0,0.0,
16-0-1-1-4,-0.26275351402194314,-0.13742838459384257,-0.2547633949984376,-0.4601057089945512,0.000301220472476213,
12-0-0-0-5,-0.17646084501073736,0.00010014990702969441,0.0,0.0,0.0,
13-0-0-0-8,0.0,-0.485665857693547,0.0,0.0,0.0,
13-1-1-0-11,0.0004986319650472045,-0.6332548669131792,-0.4292190077190529,-0.8081142805028189,0.0,
12-0-1-1-8,-0.09210138546152202,-0.24764277962172396,-0.2580885388969174,-0.23876282771822008,0.00020082734377627515,
20-1-0-0-10,0.012826336781046013,0.01302710841945423,0.0,0.0,0.0,
18-0-1-1-8,-0.3561541000306955,0.011245306496288484,-0.26506458860883114,-0.5885019470060597,0.011157747275513446,
20-0-0-0-11,-0.8581926540145077,0.0001,0.0,0.0,0.0,
4-0-1-1-6,4.1809821851692894e-05,-0.10363881928442574,-0.25867191481510093,-0.1998655857064986,0.00020234318803047228,
13-0-0-0-6,0.0,-0.21285632684342848,0.0,0.0,0.0,
15-1-1-0-8,0.0004988424522182973,-0.426723651482427,-0.42927858605134045,-0.22264016017036942,0.0,
6-0-1-0-8,2.140493850813769e-05,0.0001,-0.42687217684566026,-0.8378384845133076,0.0,
10-0-1-1-7,0.03501691595110118,-0.24501972533400224,-0.2698692137665447,0.0328739261976952,0.00971174217185269,
17-1-1-0-7,0.012805248573039966,-0.12596607389036826,-0.4278056160488399,-0.0190943384221811,0.0,
19-0-0-0-6,-0.7762270214207501,0.0001,0.0,0.0,0.0,
18.0-0-0-0-8,-0.6780680152239938,0.0002,0.0,0.0,0.0,
15-0-0-0-3,-0.42606933589159807,0.0001,0.0,0.0,0.0,
16-0-0-0-4,-0.5201423186238595,0.0001,0.0,0.0,0.0,
18-0-0-0-4,-0.6867135509446618,0.000200009999,0.0,0.0,0.0,
19-1-1-0-3,0.061822312971899475,0.10174506275179362,-0.4284630741747266,0.10056057063834921,0.0,
12-0-0-0-2,0.0001000099880020999,-0.32049039375927296,0.0,0.0,0.0,
15-1-1-0-4,0.005557274951954919,-0.24915749463701242,-0.42844042143494315,-0.012540364289665467,0.0,
20-0-1-0-2,-0.4119742613942443,0.0001,-0.24608304463312294,-0.8259205209874139,0.0,
21-0-1-0-5,-0.3165581680487862,0.0002,-0.20826903320167772,-0.417176663951494,0.0,
13-0-0-0-4,0.0,-0.2662014750566908,0.0,0.0,0.0,
15-1-1-0-6,0.0578548557978105,-0.17026479132199385,-0.42589177487898383,0.05789390887949913,0.0,
17-0-0-0-7,0.0,-0.1385210452403363,0.0,0.0,0.0,
19-1-0-0-7,0.03099703279975969,0.03107099823783672,0.0,0.0,0.0,
12-0-1-1-7,-0.08439405689225216,-0.24509845646801126,-0.2569731269237176,-0.19397116896049504,0.0010029785731212242,
18-0-0-0-2,-0.6868180470187631,9.999999999994822e-09,0.0,0.0,0.0,
16-0-0-0-11,0.0,-0.44878110773234753,0.0,0.0,0.0,
17-0-0-0-11,0.0,-0.6165677289033131,0.0,0.0,0.0,
12-1-1-1-4,0.0065569528660270274,-0.14351979585140032,-0.2575077642729007,-0.0009831771692054795,0.00012451849104498086,
18-1-0-0-6,0.030955767513641534,0.03107282574929835,0.0,0.0,0.0,
20-1-1-0-4,0.061549019751005844,0.2417938922133136,-0.43205883320254534,0.23872700681929035,0.0,
18-0-0-0-3,-0.6878217925056641,4.99508262906978e-07,0.0,0.0,0.0,
16-0-1-1-11,-0.2776990797727786,0.0001,-0.2671027593840325,-0.6524673790053396,9.42415502952365e-05,
14-0-1-1-5,-0.1737255195336329,-0.13107275041104238,-0.2542060936427722,-0.2576834071881167,0.0008102021709175637,
13-0-0-0-2,0.0,-0.350536346308786,0.0,0.0,0.0,
14-0-0-0-5,0.0,-0.24305824062021733,0.0,0.0,0.0,
13-1-0-0-10,0.0001000199979716033,-0.06465392673474271,0.0,0.0,0.0,
18-0-0-0-5,-0.6883247562615972,0.0001,0.0,0.0,0.0,
17-0-0-0-6,-0.5976209855010557,1.0167620038543349e-05,0.0,0.0,0.0,
15-0-0-0-2,-0.4269947477426849,0.00019999000000000001,0.0,0.0,0.0,
19-0-0-0-3,-0.7776905937090293,0.0001,0.0,0.0,0.0,
19-0-0-0-8,-0.775015495473543,0.0001,0.0,0.0,0.0,
19-1-0-0-8,0.013588962654984155,0.013731798284057841,0.0,0.0,0.0,
20-0-1-0-6,-0.4210344174356317,0.0001,-0.25423541672658845,-0.8268772137063898,0.0,
18-1-0-0-10,0.0,-0.006844369356079796,0.0,0.0,0.0,
6-0-1-1-4,5.6439494802489684e-05,-0.1467984090281515,-0.2581127300430277,-0.30794965551277026,6.567765292723574e-05,
18-0-1-1-6,-0.3595746312403239,0.01544072160827617,-0.26487070943122065,-0.6221746977146381,0.015371431578078189,
18-1-0-0-2,0.006662164898811972,0.006065703658613767,0.0,0.0,0.0,
12-1-1-1-2,0.002078806013844634,-0.1839580510336969,-0.2587581786751892,-0.06224800961853227,8.081960175193142e-05,
10-0-0-0-10,0.00010006011709650418,-0.39011941793585764,0.0,0.0,0.0,
14-0-0-0-8,0.0,-0.49394487273536464,0.0,0.0,0.0,
12-0-1-1-2,-0.08400761455177211,-0.17294983923148383,-0.2544077719432161,-0.2432662411988545,0.000401015948569751,
21-0-1-0-2,-0.3182872576066975,0.0002,-0.21933702739916938,-0.4225439503289244,0.0,
12-0-0-0-4,0.0,-0.2683237641370935,0.0,0.0,0.0,
19-0-0-0-4,-0.7719137247147253,2.8986003649361083e-07,0.0,0.0,0.0,
20-0-0-0-4,-0.8561044237780981,0.0001,0.0,0.0,0.0,
11-0-0-0-8,0.00010004993501699785,-0.20627006653977173,0.0,0.0,0.0,
10-0-0-0-6,0.0,-0.08833863894646232,0.0,0.0,0.0,
6-0-1-0-9,5.749262409333349e-05,-0.46798447157874407,-0.42875710169578113,0.000200079984001,0.0,
11-0-0-0-9,0.00020001994701639736,-0.23573382088348502,0.0,0.0,0.0,
12-0-0-0-11,0.0,-0.416737674254011,0.0,0.0,0.0,
18-1-0-0-4,0.018131507077012287,0.01815295350528595,0.0,0.0,0.0,
16-1-0-0-10,0.00020000998999880165,-0.2730915110368096,0.0,0.0,0.0,
19-1-0-0-3,0.026354182713545258,0.026499452814846607,0.0,0.0,0.0,
10-0-1-1-2,0.030710494823450226,-0.19429346315585344,-0.2686061157790562,0.030842114934199152,0.008492697776941435,
17-1-1-0-5,0.05732828209351992,-0.10624161474669225,-0.4270125154199046,0.057658510421554,0.0,
14-0-1-1-2,-0.18360325038657674,-0.17594537073320562,-0.25955987200094577,-0.33302835178279316,2.4970687377210517e-07,
8-0-0-0-3,1.998699090236971e-08,-0.11121620074494236,0.0,0.0,0.0,
15-0-0-0-5,5.997000469969865e-08,-0.24486634674077534,0.0,0.0,0.0,
16-1-0-0-4,0.00039969012191634385,-0.05938415698922493,0.0,0.0,0.0,
21-0-1-0-10,-0.7508192179607078,0.0002,-0.5174999804870424,-1.1127539865639666,0.0,
13-0-0-0-9,-0.21911058903592567,0.0001,0.0,0.0,0.0,
13-0-0-0-5,-0.25514842860674286,0.0001,0.0,0.0,0.0,
8-0-0-0-5,0.00010004951062791119,-0.06429334441435652,0.0,0.0,0.0,
4-0-1-1-2,2.9896018388380933e-05,-0.18694501136483502,-0.26229453779208306,-0.39735450324357585,0.00020036049270637205,
16-0-1-1-8,-0.24773315973431645,-0.2728165031602352,-0.2580182258591982,-0.42634607575949307,0.00010124366628396277,
16-0-1-1-5,-0.25525832009211785,-0.12833006564705526,-0.259066844591417,-0.41410636523463495,0.00040747275079977953,
18-0-1-1-9,-0.34234981258778463,-0.06414014763760591,-0.2592881553032047,-0.6327192304838839,0.0003037215160632413,
18-1-1-0-11,1.9979001e-08,-0.39733504950347515,-0.4365047125537059,-0.7368466233104098,0.0,
15-0-0-0-4,-0.4348828100647182,9.999999999994822e-09,0.0,0.0,0.0,
15-1-1-0-2,0.0033608276647636667,-0.31228737493289227,-0.4295548209047817,-0.11875145963802168,0.0,
16-1-1-0-5,0.037961726693414105,-0.20129522236359312,-0.43473780052503624,0.026489838922162553,0.0,
6-0-1-1-11,4.025012725071455e-06,-0.3900850650588279,-0.2596647091996771,-0.7483227781997385,4.030515277732177e-06,
8-0-1-1-2,0.0005009220745658013,-0.1954289496838269,-0.25875660725751926,-0.14873357478417618,0.0010048694108224343,
16.0-0-0-0-5,-0.5129663279470911,0.0002,0.0,0.0,0.0,
4-0-1-1-9,2.1472039784544505e-05,-0.2662498050564575,-0.25387088435199645,-0.5675853866554903,0.0001008480791446186,
20-1-0-0-3,0.02187952720247642,0.021809698583372002,0.0,0.0,0.0,
19-1-0-0-5,0.04437831573593519,0.04462408282047357,0.0,0.0,0.0,
12-1-1-1-5,0.014482313469500806,-0.11489624406751799,-0.25773347741397945,0.011470998574883987,0.00019867422141648416,
14-1-0-0-6,1.0015950432190065e-08,-0.02544666512823366,0.0,0.0,0.0,
17-1-0-0-10,2.996799930341917e-08,-0.09093644415970094,0.0,0.0,0.0,
12-0-1-1-4,-0.08671095849853325,-0.1405363638111724,-0.2604478098705259,-0.1743864634034411,0.000601204155081167,
9-0-0-0-5,0.00030082820558841787,-0.04388359066549158,0.0,0.0,0.0,
15-0-0-0-11,0.0,-0.5430206256342035,0.0,0.0,0.0,
21-0-1-0-6,-0.3078368372140449,0.0002,-0.21088833017983463,-0.43476005297664544,0.0,
15-1-0-0-8,0.0001,-0.04496331106134054,0.0,0.0,0.0,
9-0-0-0-9,0.0,-0.2019138262241388,0.0,0.0,0.0,
20-1-0-0-5,0.05302533296988967,0.05324019961648452,0.0,0.0,0.0,
14-0-0-0-4,-0.33333624288541897,0.00020002998800129995,0.0,0.0,0.0,
13.0-1-1-0-9,0.0006981638667067932,-0.4761270750313333,-0.4283780253362284,-0.3447793270759232,0.0,
8-0-1-1-3,0.0007818486126432464,-0.15075206877229846,-0.2550372139043478,-0.15980799632022585,0.0007830422488418723,
20-1-0-0-8,0.021922670261309122,0.0219764387284902,0.0,0.0,0.0,
10-0-0-0-5,0.000499560316951835,-0.14114158736646934,0.0,0.0,0.0,
15-1-0-0-4,0.0,-0.029658686670848956,0.0,0.0,0.0,
20-1-0-0-7,0.045068920731120836,0.04509685392164738,0.0,0.0,0.0,
6-0-1-1-8,1.2868329817675676e-05,-0.26932633035610937,-0.2587837790571857,-0.5055950337841497,1.90194572459116e-05,
9-0-0-0-11,1.99799989011999e-08,-0.3427554304088926,0.0,0.0,0.0,
20-1-0-0-9,0.01249645768895019,0.012502115484656516,0.0,0.0,0.0,
12-0-0-0-3,-0.1685104309676856,0.0002,0.0,0.0,0.0,
12-0-0-0-9,0.0,-0.3499505973047873,0.0,0.0,0.0,
11-0-0-0-7,0.0,-0.33239615066550426,0.0,0.0,0.0,
14-0-1-1-6,-0.17380034371627265,-0.08806059978158642,-0.2601474222383922,-0.3106244301902627,0.0003041644338005033,
10-0-0-0-11,0.0,-0.36761093580526716,0.0,0.0,0.0,
20-1-0-0-2,0.027152700362453437,0.027271708275426073,0.0,0.0,0.0,
21-0-1-0-8,-0.3208221694125851,0.0002,-0.20847856775927337,-0.4142809149091575,0.0,
17-1-0-0-9,0.00010001997700309992,-0.09133616013253243,0.0,0.0,0.0,
9-0-0-0-10,0.0,-0.3332032243910188,0.0,0.0,0.0,
6-0-1-1-9,3.476981515275283e-05,-0.2804021823196035,-0.2571476919677017,-0.5540349489956604,3.78081926203616e-05,
10-0-0-0-7,0.0002997800869723095,-0.2550164066827869,0.0,0.0,0.0,
18-0-0-0-11,-0.6152261313679507,0.0001,0.0,0.0,0.0,
18-1-0-0-8,0.0026903798293477794,0.0027534170623561977,0.0,0.0,0.0,
14-0-1-1-7,-0.17024638446236323,-0.24566820622904617,-0.26023604784181187,-0.28554314354088894,0.00020513855752671756,
7-0-0-0-10,0.0,-0.2788583763254156,0.0,0.0,0.0,
16-1-0-0-11,0.00020004986106976852,-0.13713342048770452,0.0,0.0,0.0,
11-0-0-0-4,0.00020000990602439889,-0.21576089858154227,0.0,0.0,0.0,
15-1-0-0-3,1.99799999001e-08,-0.03478907011962897,0.0,0.0,0.0,
16-1-0-0-6,0.0,-0.06884742570674061,0.0,0.0,0.0,
17-1-0-0-3,0.00039996963142309785,-0.05178091470631726,0.0,0.0,0.0,
9-0-0-0-2,0.0002011984266018533,-0.11974766280860052,0.0,0.0,0.0,
15-1-0-0-6,0.00010000002495422951,-0.05113069626732667,0.0,0.0,0.0,
20-1-0-0-4,0.04407027677110702,0.04408181217123379,0.0,0.0,0.0,
19-1-0-0-4,0.021020250088363984,0.021371556508836903,0.0,0.0,0.0,
17-1-0-0-8,0.0,-0.0771294267110631,0.0,0.0,0.0,
17-1-0-0-5,0.0,-0.04826841601610071,0.0,0.0,0.0,
11-0-0-0-11,0.0,-0.3754466904051127,0.0,0.0,0.0,
8-0-0-0-8,0.0,-0.1307325397703894,0.0,0.0,0.0,
12-1-1-1-9,0.0002998100769746053,-0.28555757963649997,-0.2576428593988613,-0.20058212170160836,0.00015344653471051546,
10-0-0-0-3,0.00029992997101379703,-0.19579280629557227,0.0,0.0,0.0,
21-0-1-0-3,-0.32361571254344995,0.0002,-0.21707468770089292,-0.4258876420290693,0.0,
26.0-0-1-0-8,-0.03908129527761517,0.000599940002,-0.059744414141803544,-0.11971961225026094,0.0,
20-0-1-0-4,-0.42586599434096123,0.000299970001,-0.2494817808771608,-0.8387365657910593,0.0,
13-1-0-0-9,0.00020004993301949732,-0.019007651676140425,0.0,0.0,0.0,
19-1-0-0-6,0.044697312943713395,0.044800239183353435,0.0,0.0,0.0,
17-1-0-0-2,0.0003999583016538923,-0.043561533577355246,0.0,0.0,0.0,
26.0-0-1-0-11,-0.03850266395659749,0.0002,-0.060501602363328626,-0.16206032285387342,0.0,
16-1-0-0-7,0.0,-0.021242625729257326,0.0,0.0,0.0,
18-1-0-0-3,0.0020052440187186622,0.002050297199749845,0.0,0.0,0.0,
26.0-0-1-0-10,-0.10214542917620163,0.00020001999799999998,-0.16607274163269556,-0.4070328978620599,0.0,
20-0-1-0-9,-0.41435348185905135,0.00019998000199990002,-0.2516306656593569,-0.8475375972748947,0.0,
15-1-0-0-11,0.00020014973515884835,-0.06642126635559868,0.0,0.0,0.0,
11-0-0-0-2,0.0001000199750053996,-0.2252238694857434,0.0,0.0,0.0,
18-1-0-0-7,0.006547874865620336,0.006645134816684253,0.0,0.0,0.0,
9-0-0-0-4,0.0,-0.15728782023261834,0.0,0.0,0.0,
10-0-0-0-8,0.0,-0.18822614840175989,0.0,0.0,0.0,
11-0-0-0-6,0.0004997698542736847,-0.125069510900678,0.0,0.0,0.0,
8-0-0-0-2,0.00010014248123199671,-0.0808877282008853,0.0,0.0,0.0,
7-0-0-0-2,8.464244959476493e-05,0.0001,0.0,0.0,0.0,
15-1-0-0-5,0.0001999999579548446,-0.051570381193940154,0.0,0.0,0.0,
7-0-0-0-4,0.0,-0.058707488867452896,0.0,0.0,0.0,
20-1-0-0-11,0.0004979569290707576,0.0005000299130406901,0.0,0.0,0.0,
17-1-0-0-7,0.0001000199829933046,-0.032844030188992145,0.0,0.0,0.0,
11-0-0-0-3,0.00010001003789798529,-0.20141185241304452,0.0,0.0,0.0,
8-0-0-0-10,0.00020062399823106845,-0.15283135607147133,0.0,0.0,0.0,
18-1-0-0-5,0.020331277915768626,0.020384419179718314,0.0,0.0,0.0,
9-0-0-0-6,0.0,-0.06025039315292373,0.0,0.0,0.0,
15-1-0-0-7,0.00010017962018934357,-0.03786864734018692,0.0,0.0,0.0,
17-1-0-0-6,0.00020007091023632436,-0.04072796504204534,0.0,0.0,0.0,
16-1-0-0-5,0.0,-0.0869309616536533,0.0,0.0,0.0,
9-0-0-0-7,0.0,-0.13663665909227196,0.0,0.0,0.0,
22.0-0-1-0-9,-0.026891978880408746,0.0002,-0.020390278562553772,-0.05860808941443167,0.0,
18-1-0-0-11,0.0,-0.1418024608754178,0.0,0.0,0.0,
17-1-0-0-11,0.0001,-0.04396379162310702,0.0,0.0,0.0,
31-0-0-0-8,0.026183365916203,0.026241330914406575,0.0,0.0,0.0,
19-1-0-0-11,0.0003994407522944346,-0.010241944426266778,0.0,0.0,0.0,
10-0-0-0-9,0.0,-0.22791147316336108,0.0,0.0,0.0,
9-0-0-0-3,1.0004983891657914e-08,-0.1359176432766003,0.0,0.0,0.0,
13-1-0-0-6,0.0011201232006615202,-0.011262837960859997,0.0,0.0,0.0,
8-0-0-0-6,0.00020008602243939546,-0.026387679457211554,0.0,0.0,0.0,
6-0-0-0-6,6.0190551689282106e-06,0.0001,0.0,0.0,0.0,
25.0-0-1-0-8,-0.0181884264171895,0.0002,-0.01842900042979704,-0.04041945700315115,0.0,
18-1-0-0-9,0.0003004370314898907,-0.0022704421054201836,0.0,0.0,0.0,
21-0-1-0-4,-0.3318161271363119,0.000599940002,-0.20975322053449044,-0.37825372283922104,0.0,
16-1-0-0-9,0.0,-0.1024536534481288,0.0,0.0,0.0,
14-1-0-0-3,0.00010029941939888274,-0.01532801881141836,0.0,0.0,0.0,
8-0-0-0-9,0.00010008463518066157,-0.05086247675236297,0.0,0.0,0.0,
16-1-0-0-2,0.0001,-0.06071924686247124,0.0,0.0,0.0,
24.0-0-1-0-5,-0.01778961630526696,0.0002,-0.02117377045302207,-0.03955682641544557,0.0,
31-0-0-0-5,0.019996374887342266,0.019909628462668402,0.0,0.0,0.0,
14-1-0-0-10,0.0,-0.0580133645667177,0.0,0.0,0.0,
8-0-0-0-4,0.0,-0.09846637869210663,0.0,0.0,0.0,
17-1-0-0-4,0.00010008986605217787,-0.038276652881073917,0.0,0.0,0.0,
15-1-0-0-10,0.00010012977413255864,-0.13661961596358274,0.0,0.0,0.0,
7-0-0-0-9,1.1929397426047621e-05,0.0001,0.0,0.0,0.0,
15-1-0-0-9,5.99359955136631e-08,-0.03952325906049315,0.0,0.0,0.0,
6-0-0-0-10,0.0,-0.0815654249008104,0.0,0.0,0.0,
24.0-0-1-0-9,-0.021524606622391827,0.0002,-0.020684475504298663,-0.043987495610066964,0.0,
7-0-0-0-11,4.871606217775859e-10,9.999999999994822e-09,0.0,0.0,0.0,
13-1-0-0-4,0.0,-0.009980780953267532,0.0,0.0,0.0,
14-1-0-0-4,0.0,-0.011572898267566807,0.0,0.0,0.0,
9-0-0-0-8,4.994699700821741e-08,-0.1552226892370972,0.0,0.0,0.0,
16-1-0-0-3,0.00010001997500589898,-0.060115421343965955,0.0,0.0,0.0,
15-1-0-0-2,0.0,-0.03733122960761402,0.0,0.0,0.0,
8-0-0-0-11,0.0,-0.1742482950402954,0.0,0.0,0.0,
19-1-0-0-9,0.006475564299610998,0.006555690613782998,0.0,0.0,0.0,
25.0-0-1-0-6,-0.014650160325816404,0.000599940002,-0.020390278562553772,-0.03362304022070504,0.0,
13-1-0-0-8,0.0,-0.01534983703626129,0.0,0.0,0.0,
12-1-0-0-8,2.593437654854026e-07,-0.024340709325204626,0.0,0.0,0.0,
31-0-0-0-10,0.061689744660774044,0.06183905255518223,0.0,0.0,0.0,
24.0-0-1-0-11,-0.018979579598982686,0.0002,-0.019213982444534424,-0.05668143194255747,0.0,
31-0-0-0-9,0.028395989337978253,0.028404981900940113,0.0,0.0,0.0,
14-1-0-0-8,0.0,-0.019209159125861016,0.0,0.0,0.0,
26.0-0-1-0-4,-0.0406603568042904,0.0002,-0.058049948986434605,-0.09360870811545532,0.0,
26.0-0-1-0-9,-0.03604931689869966,0.000599940002,-0.05786696858249665,-0.1185600246192724,0.0,
26.0-0-1-0-3,-0.041780227447313155,0.0002,-0.05823976172367867,-0.10321633861589008,0.0,
14-1-0-0-7,0.00020107544622377304,-0.011422529425073037,0.0,0.0,0.0,
22.0-0-1-0-6,-0.030813455439273118,0.0002,-0.019410296692550254,-0.049880416334004224,0.0,
13-1-0-0-7,0.0,-0.013101737451960305,0.0,0.0,0.0,
26.0-0-1-0-6,-0.04196584059739685,0.0025986804399010157,-0.06190419269985846,-0.07801292770057427,0.0,
31-0-0-0-6,0.02176463417105189,0.02188583288318786,0.0,0.0,0.0,
14-1-0-0-2,0.0,-0.012960140654395182,0.0,0.0,0.0,
22.0-0-1-0-10,-0.08217401567766933,0.0002,-0.05965027578286558,-0.17438195596079797,0.0,
24.0-0-1-0-3,-0.022156393884244455,0.000999800019999,-0.021760841084199588,-0.04276447666606507,0.0,
25.0-0-1-0-9,-0.014453197246991085,0.0002,-0.019998542740919122,-0.03713226783207854,0.0,
22.0-0-1-0-2,-0.025123755717458097,0.0002,-0.01990058192185457,-0.057834916439766945,0.0,
19-1-0-0-2,0.015339909389160132,0.015439822245640287,0.0,0.0,0.0,
14-1-0-0-9,2.9963007899050055e-08,-0.016961602477433554,0.0,0.0,0.0,
31-0-0-0-11,0.020364184442775032,0.020498630778158954,0.0,0.0,0.0,
23.0-0-1-0-3,-0.0245392476482816,0.0002,-0.020782377353531677,-0.05034645627699876,0.0,
24.0-0-1-0-2,-0.018597319554270214,0.0002,-0.019410227962938672,-0.03998897633896633,0.0,
7-0-0-0-5,0.00020189802426165917,-0.0016945119570691267,0.0,0.0,0.0,
7-0-0-0-6,9.898300474910913e-05,0.0001,0.0,0.0,0.0,
13-1-0-0-5,0.0004032818881515816,-0.005989157669064696,0.0,0.0,0.0,
10-0-0-0-2,0.00010018958837267605,-0.19934350999781844,0.0,0.0,0.0,
12-1-0-0-10,7.95149834978292e-08,-0.06603344523141384,0.0,0.0,0.0,
7-0-0-0-7,0.0,-0.027358091890164558,0.0,0.0,0.0,
23.0-0-1-0-9,-0.026642439035201106,0.0002,-0.02019472983146531,-0.04640203921402385,0.0,
26.0-0-1-0-5,-0.038807600632662184,0.000599940002,-0.06190545304014994,-0.09424994544559685,0.0,
26.0-0-1-0-2,-0.036913253941009215,0.0002,-0.05767495566148417,-0.10743937899057066,0.0,
16-1-0-0-8,0.0,-0.024700084809865547,0.0,0.0,0.0,
6-0-0-0-8,1.9983989707110018e-08,-0.03417566093204296,0.0,0.0,0.0,
22.0-0-1-0-11,-0.03121828114302515,0.0002,-0.020196786801018423,-0.06530499518869262,0.0,
25.0-0-1-0-10,-0.050486950767262374,0.0002,-0.05351813795120724,-0.134883716790354,0.0,
25.0-0-1-0-7,-0.01543281218764271,0.000599940002,-0.01950818882720132,-0.05460731319264955,0.0,
23.0-0-1-0-4,-0.01979191383482412,0.0002,-0.018723442283519683,-0.05067698236560575,0.0,
25.0-0-1-0-4,-0.018376366772659154,0.0002,-0.019704277384517768,-0.03837795361856904,0.0,
23.0-0-1-0-5,-0.025308150774397496,0.000599940002,-0.021467477149410726,-0.04953762268444395,0.0,
22.0-0-1-0-4,-0.027915254924293018,0.0002,-0.02254315855914228,-0.05349260166258126,0.0,
13-1-0-0-2,0.0003010863774302473,-0.008422762746884261,0.0,0.0,0.0,
25.0-0-1-0-2,-0.019769605345818453,0.0002,-0.02136964344229078,-0.053845009088886495,0.0,
31-0-0-0-2,0.025954019682592033,0.02584364995381801,0.0,0.0,0.0,
23.0-0-1-0-10,-0.07026293460825724,0.0002,-0.05606967630549331,-0.1785802826276972,0.0,
6-0-0-0-2,0.0,-0.022275434224267185,0.0,0.0,0.0,
23.0-0-1-0-6,-0.02335193993923281,0.0002,-0.02234763786323855,-0.04986633091988837,0.0,
6.0-0-0-0-4,0.0,-0.015101597563954794,0.0,0.0,0.0,
25.0-0-1-0-11,-0.014822537232460752,0.0002,-0.020782328417209915,-0.05940001207403615,0.0,
24.0-0-1-0-10,-0.05890168500034705,0.0002,-0.0565415093321957,-0.16709732496589844,0.0,
25.0-0-1-0-5,-0.01723974061700349,0.000999800019999,-0.02136944757714917,-0.03328164108661285,0.0,
14-1-0-0-11,0.0009987197534171873,-0.016218666750162373,0.0,0.0,0.0,
26.0-0-1-0-7,-0.03330167948485703,0.0002,-0.059557194748377396,-0.11715340228482243,0.0,
24.0-0-1-0-4,-0.021721151653866906,0.000599940002,-0.019900483691101437,-0.03844873664655692,0.0,
22.0-0-1-0-5,-0.029469043396977194,0.0002,-0.02234763786323855,-0.04913208927246735,0.0,
7-0-0-0-3,0.0,-0.06932595509588069,0.0,0.0,0.0,
23.0-0-1-0-2,-0.024555494849436223,0.0002,-0.01980237560493642,-0.04675419097790738,0.0,
31-0-0-0-4,0.024988619857781624,0.0250484235786386,0.0,0.0,0.0,
31-0-0-0-3,0.022551514672616613,0.02287559496235436,0.0,0.0,0.0,
13-1-0-0-11,0.0,-0.02914677945424223,0.0,0.0,0.0,
23.0-0-1-0-11,-0.024558244629355304,0.0002,-0.0201991079330256,-0.06451035048448263,0.0,
6-0-0-0-11,0.0,-0.03872111571029503,0.0,0.0,0.0,
24.0-0-1-0-7,-0.020160904432027123,0.0002,-0.020390278562553772,-0.048708505316751756,0.0,
22.0-0-1-0-8,-0.026110218703004014,0.0002,-0.020292307793333107,-0.05581473978869139,0.0,
6-0-0-0-3,6.38019515150843e-06,0.0001,0.0,0.0,0.0,
22.0-0-1-0-7,-0.025955120545756816,0.0002,-0.02097789747354875,-0.06410062852913487,0.0,
7-0-0-0-8,0.0,-0.03185715809742543,0.0,0.0,0.0,
24.0-0-1-0-6,-0.020582039273312088,0.0002,-0.01999833669341103,-0.04634490064702001,0.0,
6-0-0-0-5,9.37751202723814e-06,0.0001,0.0,0.0,0.0,
23.0-0-1-0-8,-0.021386788534150578,0.0002,-0.018134548818309393,-0.05822203301022294,0.0,
6-0-0-0-7,0.0,-0.02733621039963885,0.0,0.0,0.0,
14-1-0-0-5,0.00040493167679531866,-0.026684185387145534,0.0,0.0,0.0,
6-0-0-0-9,0.0,-0.03148936616723953,0.0,0.0,0.0,
25.0-0-1-0-3,-0.015034850633422725,0.0002,-0.016955632662273977,-0.04000835961213691,0.0,
12.0-1-0-0-3,0.0,-0.011892477118682925,0.0,0.0,0.0,
12.0-1-0-0-5,0.0006225070629869774,-0.0033762797871338015,0.0,0.0,0.0,
12.0-1-0-0-7,0.0,-0.021392428907524925,0.0,0.0,0.0,
31-0-0-0-7,0.029226582524187642,0.029389704652319486,0.0,0.0,0.0,
13-1-0-0-3,0.0006004672465077692,-0.011114159181725522,0.0,0.0,0.0,
12.0-1-0-0-2,0.0,-0.011266773690035424,0.0,0.0,0.0,
12.0-1-0-0-4,0.0,-0.0069347638710017005,0.0,0.0,0.0,
12.0-1-0-0-9,0.00020155848074586533,-0.019621472645104058,0.0,0.0,0.0,
23.0-0-1-0-7,-0.02629678776047171,0.0002,-0.018330833513148355,-0.053023795392158214,0.0,
12-1-0-0-11,0.0,-0.029897029306449843,0.0,0.0,0.0,
12.0-1-0-0-6,0.0004001194682100916,-0.008113538482538284,0.0,0.0,0.0,
